dt,WR
0,13.5
0.01,13.4988
0.02,13.4952
0.03,13.4892
0.04,13.4808
0.05,13.4701
0.06,13.457
0.07,13.4416
0.08,13.4238
0.09,13.4039
0.1,13.3816
0.11,13.3572
0.12,13.3307
0.13,13.302
0.14,13.2713
0.15,13.2385
0.16,13.2039
0.17,13.1673
0.18,13.1289
0.19,13.0888
0.2,13.0469
0.21,13.0034
0.22,12.9584
0.23,12.9119
0.24,12.864
0.25,12.8147
0.26,12.7643
0.27,12.7126
0.28,12.6598
0.29,12.6061
0.3,12.5514
0.31,12.4958
0.32,12.4395
0.33,12.3825
0.34,12.3249
0.35,12.2667
0.36,12.2082
0.37,12.1492
0.38,12.09
0.39,12.0305
0.4,11.9709
0.41,11.9113
0.42,11.8516
0.43,11.792
0.44,11.7326
0.45,11.6734
0.46,11.6144
0.47,11.5558
0.48,11.4975
0.49,11.4397
0.5,11.3824
0.51,11.3256
0.52,11.2693
0.53,11.2137
0.54,11.1588
0.55,11.1045
0.56,11.051
0.57,10.9982
0.58,10.9461
0.59,10.8949
0.6,10.8445
0.61,10.7948
0.62,10.746
0.63,10.6981
0.64,10.651
0.65,10.6047
0.66,10.5593
0.67,10.5146
0.68,10.4708
0.69,10.4278
0.7,10.3856
0.71,10.3442
0.72,10.3035
0.73,10.2635
0.74,10.2242
0.75,10.1856
0.76,10.1476
0.77,10.1102
0.78,10.0733
0.79,10.037
0.8,10.0012
0.81,9.96584
0.82,9.93088
0.83,9.89629
0.84,9.86201
0.85,9.82802
0.86,9.79426
0.87,9.76069
0.88,9.72726
0.89,9.69393
0.9,9.66066
0.91,9.6274
0.92,9.59411
0.93,9.56075
0.94,9.52726
0.95,9.49362
0.96,9.45978
0.97,9.4257
0.98,9.39135
0.99,9.35669
1,9.32168
1.01,9.2863
1.02,9.25051
1.03,9.21429
1.04,9.17761
1.05,9.14045
1.06,9.10278
1.07,9.06459
1.08,9.02585
1.09,8.98656
1.1,8.94671
1.11,8.90628
1.12,8.86526
1.13,8.82366
1.14,8.78147
1.15,8.7387
1.16,8.69534
1.17,8.65141
1.18,8.6069
1.19,8.56184
1.2,8.51624
1.21,8.47011
1.22,8.42347
1.23,8.37635
1.24,8.32875
1.25,8.28072
1.26,8.23227
1.27,8.18343
1.28,8.13424
1.29,8.08472
1.3,8.03491
1.31,7.98484
1.32,7.93455
1.33,7.88408
1.34,7.83346
1.35,7.78272
1.36,7.73192
1.37,7.68108
1.38,7.63025
1.39,7.57947
1.4,7.52878
1.41,7.47821
1.42,7.42781
1.43,7.37761
1.44,7.32766
1.45,7.278
1.46,7.22865
1.47,7.17965
1.48,7.13104
1.49,7.08286
1.5,7.03513
1.51,6.98788
1.52,6.94115
1.53,6.89496
1.54,6.84933
1.55,6.8043
1.56,6.75987
1.57,6.71608
1.58,6.67293
1.59,6.63044
1.6,6.58863
1.61,6.5475
1.62,6.50707
1.63,6.46732
1.64,6.42828
1.65,6.38994
1.66,6.3523
1.67,6.31535
1.68,6.27908
1.69,6.2435
1.7,6.20857
1.71,6.1743
1.72,6.14066
1.73,6.10763
1.74,6.0752
1.75,6.04333
1.76,6.01201
1.77,5.98121
1.78,5.95089
1.79,5.92103
1.8,5.89159
1.81,5.86254
1.82,5.83385
1.83,5.80547
1.84,5.77737
1.85,5.7495
1.86,5.72183
1.87,5.69432
1.88,5.66692
1.89,5.6396
1.9,5.6123
1.91,5.58499
1.92,5.55761
1.93,5.53014
1.94,5.50253
1.95,5.47473
1.96,5.4467
1.97,5.4184
1.98,5.38979
1.99,5.36083
2,5.33148
2.01,5.3017
2.02,5.27147
2.03,5.24073
2.04,5.20947
2.05,5.17764
2.06,5.14523
2.07,5.11219
2.08,5.07852
2.09,5.04417
2.1,5.00914
2.11,4.9734
2.12,4.93694
2.13,4.89974
2.14,4.86179
2.15,4.82308
2.16,4.78361
2.17,4.74337
2.18,4.70235
2.19,4.66057
2.2,4.61802
2.21,4.57471
2.22,4.53066
2.23,4.48586
2.24,4.44034
2.25,4.39411
2.26,4.34719
2.27,4.2996
2.28,4.25137
2.29,4.20252
2.3,4.15309
2.31,4.10309
2.32,4.05257
2.33,4.00155
2.34,3.95008
2.35,3.8982
2.36,3.84593
2.37,3.79333
2.38,3.74043
2.39,3.68728
2.4,3.63392
2.41,3.5804
2.42,3.52677
2.43,3.47306
2.44,3.41934
2.45,3.36564
2.46,3.31202
2.47,3.25852
2.48,3.20519
2.49,3.15207
2.5,3.09923
2.51,3.04669
2.52,2.99451
2.53,2.94274
2.54,2.89141
2.55,2.84057
2.56,2.79026
2.57,2.74053
2.58,2.6914
2.59,2.64292
2.6,2.59513
2.61,2.54805
2.62,2.50172
2.63,2.45617
2.64,2.41142
2.65,2.3675
2.66,2.32444
2.67,2.28224
2.68,2.24094
2.69,2.20054
2.7,2.16106
2.71,2.12251
2.72,2.0849
2.73,2.04822
2.74,2.01249
2.75,1.97769
2.76,1.94384
2.77,1.91091
2.78,1.87891
2.79,1.84782
2.8,1.81763
2.81,1.78832
2.82,1.75986
2.83,1.73225
2.84,1.70546
2.85,1.67945
2.86,1.6542
2.87,1.62968
2.88,1.60586
2.89,1.5827
2.9,1.56017
2.91,1.53822
2.92,1.51682
2.93,1.49592
2.94,1.47548
2.95,1.45547
2.96,1.43582
2.97,1.4165
2.98,1.39745
2.99,1.37864
3,1.36
3.01,1.3415
3.02,1.32308
3.03,1.3047
3.04,1.2863
3.05,1.26783
3.06,1.24925
3.07,1.2305
3.08,1.21154
3.09,1.19233
3.1,1.17281
3.11,1.15294
3.12,1.13268
3.13,1.11197
3.14,1.09079
3.15,1.06909
3.16,1.04683
3.17,1.02398
3.18,1.00049
3.19,0.976345
3.2,0.951503
3.21,0.925938
3.22,0.899622
3.23,0.872532
3.24,0.844644
3.25,0.815939
3.26,0.786399
3.27,0.756009
3.28,0.724756
3.29,0.692631
3.3,0.659625
3.31,0.625734
3.32,0.590954
3.33,0.555286
3.34,0.518733
3.35,0.481299
3.36,0.442992
3.37,0.403821
3.38,0.3638
3.39,0.322942
3.4,0.281265
3.41,0.238788
3.42,0.195532
3.43,0.15152
3.44,0.106779
3.45,0.0613348
3.46,0.0152172
3.47,-0.031543
3.48,-0.0789132
3.49,-0.12686
3.5,-0.175347
3.51,-0.224338
3.52,-0.273795
3.53,-0.323679
3.54,-0.373951
3.55,-0.42457
3.56,-0.475494
3.57,-0.526681
3.58,-0.578091
3.59,-0.629679
3.6,-0.681403
3.61,-0.733221
3.62,-0.78509
3.63,-0.836968
3.64,-0.888813
3.65,-0.940583
3.66,-0.992238
3.67,-1.04374
3.68,-1.09504
3.69,-1.14612
3.7,-1.19692
3.71,-1.24742
3.72,-1.29758
3.73,-1.34736
3.74,-1.39674
3.75,-1.44569
3.76,-1.49417
3.77,-1.54217
3.78,-1.58965
3.79,-1.63659
3.8,-1.68298
3.81,-1.72879
3.82,-1.774
3.83,-1.81861
3.84,-1.8626
3.85,-1.90596
3.86,-1.94868
3.87,-1.99075
3.88,-2.03218
3.89,-2.07296
3.9,-2.11309
3.91,-2.15257
3.92,-2.19141
3.93,-2.22962
3.94,-2.26721
3.95,-2.30418
3.96,-2.34056
3.97,-2.37635
3.98,-2.41158
3.99,-2.44627
4,-2.48042
4.01,-2.51408
4.02,-2.54726
4.03,-2.58
4.04,-2.61231
4.05,-2.64422
4.06,-2.67578
4.07,-2.707
4.08,-2.73793
4.09,-2.76859
4.1,-2.79902
4.11,-2.82927
4.12,-2.85935
4.13,-2.88931
4.14,-2.9192
4.15,-2.94904
4.16,-2.97887
4.17,-3.00873
4.18,-3.03866
4.19,-3.06871
4.2,-3.09889
4.21,-3.12927
4.22,-3.15986
4.23,-3.19071
4.24,-3.22185
4.25,-3.25332
4.26,-3.28516
4.27,-3.31739
4.28,-3.35005
4.29,-3.38317
4.3,-3.41679
4.31,-3.45092
4.32,-3.48559
4.33,-3.52084
4.34,-3.55669
4.35,-3.59316
4.36,-3.63027
4.37,-3.66804
4.38,-3.70649
4.39,-3.74563
4.4,-3.78549
4.41,-3.82606
4.42,-3.86737
4.43,-3.90942
4.44,-3.95221
4.45,-3.99576
4.46,-4.04006
4.47,-4.08512
4.48,-4.13093
4.49,-4.1775
4.5,-4.22481
4.51,-4.27286
4.52,-4.32165
4.53,-4.37115
4.54,-4.42137
4.55,-4.47228
4.56,-4.52387
4.57,-4.57613
4.58,-4.62903
4.59,-4.68255
4.6,-4.73668
4.61,-4.79139
4.62,-4.84665
4.63,-4.90245
4.64,-4.95874
4.65,-5.01552
4.66,-5.07274
4.67,-5.13038
4.68,-5.18841
4.69,-5.2468
4.7,-5.30551
4.71,-5.36451
4.72,-5.42378
4.73,-5.48327
4.74,-5.54296
4.75,-5.60281
4.76,-5.66279
4.77,-5.72287
4.78,-5.783
4.79,-5.84317
4.8,-5.90333
4.81,-5.96346
4.82,-6.02352
4.83,-6.08349
4.84,-6.14332
4.85,-6.203
4.86,-6.26248
4.87,-6.32176
4.88,-6.38079
4.89,-6.43955
4.9,-6.49802
4.91,-6.55617
4.92,-6.61398
4.93,-6.67143
4.94,-6.7285
4.95,-6.78517
4.96,-6.84142
4.97,-6.89723
4.98,-6.9526
4.99,-7.0075
5,-7.06193
5.01,-7.11587
5.02,-7.16932
5.03,-7.22227
5.04,-7.27471
5.05,-7.32664
5.06,-7.37806
5.07,-7.42896
5.08,-7.47934
5.09,-7.52922
5.1,-7.57858
5.11,-7.62743
5.12,-7.67578
5.13,-7.72364
5.14,-7.77101
5.15,-7.81791
5.16,-7.86434
5.17,-7.91031
5.18,-7.95584
5.19,-8.00094
5.2,-8.04563
5.21,-8.08992
5.22,-8.13383
5.23,-8.17738
5.24,-8.22058
5.25,-8.26344
5.26,-8.306
5.27,-8.34827
5.28,-8.39027
5.29,-8.43202
5.3,-8.47354
5.31,-8.51484
5.32,-8.55596
5.33,-8.59691
5.34,-8.63771
5.35,-8.67839
5.36,-8.71895
5.37,-8.75943
5.38,-8.79984
5.39,-8.8402
5.4,-8.88053
5.41,-8.92085
5.42,-8.96117
5.43,-9.00151
5.44,-9.04189
5.45,-9.08233
5.46,-9.12283
5.47,-9.16341
5.48,-9.20408
5.49,-9.24486
5.5,-9.28575
5.51,-9.32677
5.52,-9.36792
5.53,-9.40921
5.54,-9.45064
5.55,-9.49223
5.56,-9.53397
5.57,-9.57586
5.58,-9.61791
5.59,-9.66012
5.6,-9.70248
5.61,-9.745
5.62,-9.78767
5.63,-9.83048
5.64,-9.87342
5.65,-9.9165
5.66,-9.95969
5.67,-10.003
5.68,-10.0464
5.69,-10.0899
5.7,-10.1335
5.71,-10.1771
5.72,-10.2208
5.73,-10.2645
5.74,-10.3082
5.75,-10.3519
5.76,-10.3956
5.77,-10.4392
5.78,-10.4828
5.79,-10.5262
5.8,-10.5696
5.81,-10.6128
5.82,-10.6559
5.83,-10.6988
5.84,-10.7415
5.85,-10.784
5.86,-10.8262
5.87,-10.8681
5.88,-10.9098
5.89,-10.9511
5.9,-10.992
5.91,-11.0326
5.92,-11.0728
5.93,-11.1126
5.94,-11.1519
5.95,-11.1908
5.96,-11.2291
5.97,-11.267
5.98,-11.3043
5.99,-11.341
6,-11.3772
6.01,-11.4128
6.02,-11.4477
6.03,-11.482
6.04,-11.5156
6.05,-11.5486
6.06,-11.5809
6.07,-11.6124
6.08,-11.6433
6.09,-11.6734
6.1,-11.7027
6.11,-11.7313
6.12,-11.7591
6.13,-11.7862
6.14,-11.8124
6.15,-11.8379
6.16,-11.8625
6.17,-11.8864
6.18,-11.9094
6.19,-11.9316
6.2,-11.953
6.21,-11.9736
6.22,-11.9933
6.23,-12.0123
6.24,-12.0304
6.25,-12.0477
6.26,-12.0642
6.27,-12.0799
6.28,-12.0948
6.29,-12.1089
6.3,-12.1223
6.31,-12.1348
6.32,-12.1466
6.33,-12.1577
6.34,-12.168
6.35,-12.1776
6.36,-12.1864
6.37,-12.1946
6.38,-12.202
6.39,-12.2088
6.4,-12.2149
6.41,-12.2203
6.42,-12.2252
6.43,-12.2294
6.44,-12.2329
6.45,-12.2359
6.46,-12.2383
6.47,-12.2402
6.48,-12.2414
6.49,-12.2422
6.5,-12.2424
6.51,-12.2421
6.52,-12.2413
6.53,-12.2401
6.54,-12.2383
6.55,-12.2361
6.56,-12.2335
6.57,-12.2304
6.58,-12.2269
6.59,-12.223
6.6,-12.2186
6.61,-12.2139
6.62,-12.2088
6.63,-12.2033
6.64,-12.1974
6.65,-12.1911
6.66,-12.1845
6.67,-12.1775
6.68,-12.1701
6.69,-12.1624
6.7,-12.1543
6.71,-12.1459
6.72,-12.1371
6.73,-12.1279
6.74,-12.1183
6.75,-12.1084
6.76,-12.0981
6.77,-12.0874
6.78,-12.0763
6.79,-12.0648
6.8,-12.053
6.81,-12.0407
6.82,-12.0279
6.83,-12.0147
6.84,-12.0011
6.85,-11.987
6.86,-11.9725
6.87,-11.9574
6.88,-11.9419
6.89,-11.9258
6.9,-11.9092
6.91,-11.8921
6.92,-11.8744
6.93,-11.8561
6.94,-11.8373
6.95,-11.8178
6.96,-11.7977
6.97,-11.777
6.98,-11.7556
6.99,-11.7335
7,-11.7108
7.01,-11.6873
7.02,-11.6632
7.03,-11.6383
7.04,-11.6127
7.05,-11.5863
7.06,-11.5591
7.07,-11.5312
7.08,-11.5025
7.09,-11.4729
7.1,-11.4426
7.11,-11.4115
7.12,-11.3795
7.13,-11.3467
7.14,-11.313
7.15,-11.2785
7.16,-11.2432
7.17,-11.207
7.18,-11.17
7.19,-11.1321
7.2,-11.0934
7.21,-11.0538
7.22,-11.0134
7.23,-10.9721
7.24,-10.9301
7.25,-10.8872
7.26,-10.8436
7.27,-10.7991
7.28,-10.7539
7.29,-10.7079
7.3,-10.6611
7.31,-10.6136
7.32,-10.5655
7.33,-10.5166
7.34,-10.4671
7.35,-10.4169
7.36,-10.3661
7.37,-10.3148
7.38,-10.2628
7.39,-10.2104
7.4,-10.1574
7.41,-10.104
7.42,-10.0501
7.43,-9.99586
7.44,-9.94121
7.45,-9.88624
7.46,-9.83096
7.47,-9.77543
7.48,-9.71967
7.49,-9.66373
7.5,-9.60764
7.51,-9.55145
7.52,-9.49519
7.53,-9.43891
7.54,-9.38264
7.55,-9.32642
7.56,-9.27031
7.57,-9.21433
7.58,-9.15852
7.59,-9.10294
7.6,-9.04761
7.61,-8.99259
7.62,-8.9379
7.63,-8.88358
7.64,-8.82969
7.65,-8.77624
7.66,-8.72329
7.67,-8.67086
7.68,-8.61899
7.69,-8.56772
7.7,-8.51707
7.71,-8.46708
7.72,-8.41779
7.73,-8.36921
7.74,-8.32138
7.75,-8.27432
7.76,-8.22807
7.77,-8.18263
7.78,-8.13804
7.79,-8.09431
7.8,-8.05146
7.81,-8.00951
7.82,-7.96848
7.83,-7.92837
7.84,-7.8892
7.85,-7.85098
7.86,-7.81371
7.87,-7.7774
7.88,-7.74205
7.89,-7.70767
7.9,-7.67426
7.91,-7.64181
7.92,-7.61031
7.93,-7.57977
7.94,-7.55018
7.95,-7.52152
7.96,-7.49379
7.97,-7.46696
7.98,-7.44103
7.99,-7.41598
8,-7.3918
8.01,-7.36845
8.02,-7.34592
8.03,-7.32418
8.04,-7.30322
8.05,-7.283
8.06,-7.26349
8.07,-7.24468
8.08,-7.22652
8.09,-7.20899
8.1,-7.19205
8.11,-7.17568
8.12,-7.15983
8.13,-7.14447
8.14,-7.12957
8.15,-7.11508
8.16,-7.10098
8.17,-7.08723
8.18,-7.07378
8.19,-7.06059
8.2,-7.04764
8.21,-7.03488
8.22,-7.02227
8.23,-7.00977
8.24,-6.99735
8.25,-6.98496
8.26,-6.97257
8.27,-6.96014
8.28,-6.94763
8.29,-6.93501
8.3,-6.92223
8.31,-6.90927
8.32,-6.89608
8.33,-6.88264
8.34,-6.8689
8.35,-6.85484
8.36,-6.84043
8.37,-6.82563
8.38,-6.81041
8.39,-6.79475
8.4,-6.77862
8.41,-6.76199
8.42,-6.74484
8.43,-6.72714
8.44,-6.70888
8.45,-6.69002
8.46,-6.67056
8.47,-6.65048
8.48,-6.62975
8.49,-6.60836
8.5,-6.5863
8.51,-6.56355
8.52,-6.54011
8.53,-6.51597
8.54,-6.49111
8.55,-6.46553
8.56,-6.43922
8.57,-6.41219
8.58,-6.38442
8.59,-6.35592
8.6,-6.32669
8.61,-6.29672
8.62,-6.26603
8.63,-6.23461
8.64,-6.20246
8.65,-6.1696
8.66,-6.13603
8.67,-6.10175
8.68,-6.06679
8.69,-6.03114
8.7,-5.99482
8.71,-5.95783
8.72,-5.9202
8.73,-5.88193
8.74,-5.84304
8.75,-5.80354
8.76,-5.76344
8.77,-5.72277
8.78,-5.68153
8.79,-5.63974
8.8,-5.59742
8.81,-5.55458
8.82,-5.51125
8.83,-5.46743
8.84,-5.42314
8.85,-5.3784
8.86,-5.33323
8.87,-5.28765
8.88,-5.24166
8.89,-5.19529
8.9,-5.14855
8.91,-5.10146
8.92,-5.05403
8.93,-5.00629
8.94,-4.95823
8.95,-4.90989
8.96,-4.86127
8.97,-4.81238
8.98,-4.76325
8.99,-4.71388
9,-4.66428
9.01,-4.61447
9.02,-4.56446
9.03,-4.51426
9.04,-4.46388
9.05,-4.41333
9.06,-4.36262
9.07,-4.31175
9.08,-4.26075
9.09,-4.20961
9.1,-4.15834
9.11,-4.10694
9.12,-4.05544
9.13,-4.00383
9.14,-3.95211
9.15,-3.9003
9.16,-3.84839
9.17,-3.7964
9.18,-3.74432
9.19,-3.69217
9.2,-3.63994
9.21,-3.58764
9.22,-3.53527
9.23,-3.48284
9.24,-3.43035
9.25,-3.3778
9.26,-3.32519
9.27,-3.27253
9.28,-3.21983
9.29,-3.16708
9.3,-3.11429
9.31,-3.06146
9.32,-3.0086
9.33,-2.95571
9.34,-2.90279
9.35,-2.84985
9.36,-2.7969
9.37,-2.74393
9.38,-2.69096
9.39,-2.63799
9.4,-2.58503
9.41,-2.53207
9.42,-2.47914
9.43,-2.42624
9.44,-2.37337
9.45,-2.32055
9.46,-2.26778
9.47,-2.21507
9.48,-2.16244
9.49,-2.10989
9.5,-2.05743
9.51,-2.00507
9.52,-1.95284
9.53,-1.90073
9.54,-1.84876
9.55,-1.79695
9.56,-1.74531
9.57,-1.69385
9.58,-1.64259
9.59,-1.59153
9.6,-1.5407
9.61,-1.49011
9.62,-1.43978
9.63,-1.38972
9.64,-1.33994
9.65,-1.29047
9.66,-1.24131
9.67,-1.19249
9.68,-1.14402
9.69,-1.09591
9.7,-1.04818
9.71,-1.00085
9.72,-0.953925
9.73,-0.907429
9.74,-0.861372
9.75,-0.815769
9.76,-0.770633
9.77,-0.725978
9.78,-0.681816
9.79,-0.63816
9.8,-0.59502
9.81,-0.552408
9.82,-0.510333
9.83,-0.468804
9.84,-0.427831
9.85,-0.38742
9.86,-0.347578
9.87,-0.308311
9.88,-0.269623
9.89,-0.231519
9.9,-0.194
9.91,-0.157069
9.92,-0.120726
9.93,-0.0849697
9.94,-0.0497991
9.95,-0.0152109
9.96,0.0187989
9.97,0.0522356
9.98,0.0851059
9.99,0.117417
10,0.149179
10.01,0.1804
10.02,0.211094
10.03,0.24127
10.04,0.270945
10.05,0.300132
10.06,0.328847
10.07,0.357106
10.08,0.38493
10.09,0.412335
10.1,0.439342
10.11,0.465973
10.12,0.492249
10.13,0.518193
10.14,0.543829
10.15,0.569181
10.16,0.594273
10.17,0.619133
10.18,0.643787
10.19,0.66826
10.2,0.692582
10.21,0.716778
10.22,0.740879
10.23,0.764911
10.24,0.788905
10.25,0.812888
10.26,0.836889
10.27,0.860937
10.28,0.885062
10.29,0.90929
10.3,0.933652
10.31,0.958175
10.32,0.982886
10.33,1.00781
10.34,1.03298
10.35,1.05842
10.36,1.08415
10.37,1.11021
10.38,1.1366
10.39,1.16336
10.4,1.19051
10.41,1.21806
10.42,1.24605
10.43,1.27449
10.44,1.30339
10.45,1.33278
10.46,1.36266
10.47,1.39306
10.48,1.42398
10.49,1.45544
10.5,1.48745
10.51,1.52002
10.52,1.55315
10.53,1.58686
10.54,1.62113
10.55,1.65599
10.56,1.69143
10.57,1.72745
10.58,1.76405
10.59,1.80123
10.6,1.83898
10.61,1.8773
10.62,1.91618
10.63,1.95561
10.64,1.99559
10.65,2.0361
10.66,2.07713
10.67,2.11868
10.68,2.16071
10.69,2.20323
10.7,2.24621
10.71,2.28963
10.72,2.33349
10.73,2.37775
10.74,2.42239
10.75,2.46741
10.76,2.51277
10.77,2.55846
10.78,2.60444
10.79,2.65071
10.8,2.69723
10.81,2.74398
10.82,2.79095
10.83,2.83809
10.84,2.8854
10.85,2.93284
10.86,2.98039
10.87,3.02803
10.88,3.07574
10.89,3.12349
10.9,3.17126
10.91,3.21903
10.92,3.26677
10.93,3.31447
10.94,3.36211
10.95,3.40966
10.96,3.45711
10.97,3.50443
10.98,3.55162
10.99,3.59866
11,3.64554
11.01,3.69223
11.02,3.73873
11.03,3.78502
11.04,3.83111
11.05,3.87697
11.06,3.92261
11.07,3.96801
11.08,4.01318
11.09,4.0581
11.1,4.10278
11.11,4.14722
11.12,4.19143
11.13,4.23539
11.14,4.27912
11.15,4.32262
11.16,4.3659
11.17,4.40897
11.18,4.45184
11.19,4.49452
11.2,4.53702
11.21,4.57936
11.22,4.62154
11.23,4.66359
11.24,4.70553
11.25,4.74736
11.26,4.78912
11.27,4.83082
11.28,4.87248
11.29,4.91413
11.3,4.95578
11.31,4.99746
11.32,5.0392
11.33,5.08101
11.34,5.12293
11.35,5.16498
11.36,5.20718
11.37,5.24957
11.38,5.29216
11.39,5.33498
11.4,5.37806
11.41,5.42142
11.42,5.46509
11.43,5.5091
11.44,5.55347
11.45,5.59822
11.46,5.64338
11.47,5.68897
11.48,5.73501
11.49,5.78153
11.5,5.82855
11.51,5.87608
11.52,5.92415
11.53,5.97277
11.54,6.02196
11.55,6.07174
11.56,6.12211
11.57,6.1731
11.58,6.22472
11.59,6.27697
11.6,6.32986
11.61,6.38341
11.62,6.43761
11.63,6.49248
11.64,6.54801
11.65,6.60421
11.66,6.66107
11.67,6.71859
11.68,6.77678
11.69,6.83562
11.7,6.8951
11.71,6.95523
11.72,7.01599
11.73,7.07736
11.74,7.13934
11.75,7.20191
11.76,7.26505
11.77,7.32875
11.78,7.39298
11.79,7.45773
11.8,7.52298
11.81,7.58869
11.82,7.65485
11.83,7.72144
11.84,7.78841
11.85,7.85576
11.86,7.92344
11.87,7.99142
11.88,8.05969
11.89,8.1282
11.9,8.19692
11.91,8.26582
11.92,8.33487
11.93,8.40403
11.94,8.47327
11.95,8.54256
11.96,8.61185
11.97,8.68112
11.98,8.75032
11.99,8.81943
12,8.8884
12.01,8.95721
12.02,9.02581
12.03,9.09418
12.04,9.16228
12.05,9.23007
12.06,9.29752
12.07,9.36461
12.08,9.43129
12.09,9.49753
12.1,9.56332
12.11,9.6286
12.12,9.69337
12.13,9.75758
12.14,9.82122
12.15,9.88425
12.16,9.94665
12.17,10.0084
12.18,10.0695
12.19,10.1299
12.2,10.1895
12.21,10.2484
12.22,10.3066
12.23,10.364
12.24,10.4206
12.25,10.4765
12.26,10.5315
12.27,10.5857
12.28,10.639
12.29,10.6916
12.3,10.7432
12.31,10.794
12.32,10.844
12.33,10.8931
12.34,10.9413
12.35,10.9887
12.36,11.0352
12.37,11.0808
12.38,11.1255
12.39,11.1694
12.4,11.2125
12.41,11.2546
12.42,11.296
12.43,11.3364
12.44,11.3761
12.45,11.4149
12.46,11.4529
12.47,11.49
12.48,11.5264
12.49,11.562
12.5,11.5968
12.51,11.6308
12.52,11.664
12.53,11.6965
12.54,11.7282
12.55,11.7592
12.56,11.7895
12.57,11.819
12.58,11.8479
12.59,11.8761
12.6,11.9035
12.61,11.9303
12.62,11.9565
12.63,11.9819
12.64,12.0067
12.65,12.0309
12.66,12.0545
12.67,12.0774
12.68,12.0997
12.69,12.1213
12.7,12.1424
12.71,12.1628
12.72,12.1827
12.73,12.2019
12.74,12.2205
12.75,12.2386
12.76,12.256
12.77,12.2728
12.78,12.289
12.79,12.3046
12.8,12.3196
12.81,12.334
12.82,12.3478
12.83,12.3609
12.84,12.3734
12.85,12.3852
12.86,12.3964
12.87,12.407
12.88,12.4169
12.89,12.4261
12.9,12.4346
12.91,12.4424
12.92,12.4495
12.93,12.4559
12.94,12.4616
12.95,12.4665
12.96,12.4706
12.97,12.474
12.98,12.4766
12.99,12.4784
13,12.4794
13.01,12.4795
13.02,12.4788
13.03,12.4773
13.04,12.4749
13.05,12.4716
13.06,12.4674
13.07,12.4623
13.08,12.4562
13.09,12.4493
13.1,12.4414
13.11,12.4326
13.12,12.4228
13.13,12.412
13.14,12.4002
13.15,12.3875
13.16,12.3738
13.17,12.359
13.18,12.3433
13.19,12.3266
13.2,12.3088
13.21,12.2901
13.22,12.2703
13.23,12.2495
13.24,12.2277
13.25,12.205
13.26,12.1812
13.27,12.1564
13.28,12.1306
13.29,12.1039
13.3,12.0762
13.31,12.0475
13.32,12.0179
13.33,11.9873
13.34,11.9558
13.35,11.9235
13.36,11.8902
13.37,11.8561
13.38,11.8211
13.39,11.7853
13.4,11.7487
13.41,11.7113
13.42,11.6732
13.43,11.6343
13.44,11.5948
13.45,11.5545
13.46,11.5136
13.47,11.4721
13.48,11.43
13.49,11.3874
13.5,11.3442
13.51,11.3005
13.52,11.2563
13.53,11.2118
13.54,11.1668
13.55,11.1215
13.56,11.0758
13.57,11.0298
13.58,10.9836
13.59,10.9372
13.6,10.8905
13.61,10.8437
13.62,10.7968
13.63,10.7498
13.64,10.7028
13.65,10.6557
13.66,10.6086
13.67,10.5616
13.68,10.5147
13.69,10.4678
13.7,10.4211
13.71,10.3746
13.72,10.3283
13.73,10.2821
13.74,10.2363
13.75,10.1907
13.76,10.1454
13.77,10.1005
13.78,10.0558
13.79,10.0116
13.8,9.96774
13.81,9.9243
13.82,9.88128
13.83,9.8387
13.84,9.79658
13.85,9.75493
13.86,9.71377
13.87,9.67309
13.88,9.63291
13.89,9.59325
13.9,9.5541
13.91,9.51547
13.92,9.47736
13.93,9.43978
13.94,9.40272
13.95,9.36619
13.96,9.33018
13.97,9.29469
13.98,9.25971
13.99,9.22524
14,9.19126
14.01,9.15778
14.02,9.12478
14.03,9.09225
14.04,9.06017
14.05,9.02854
14.06,8.99734
14.07,8.96655
14.08,8.93615
14.09,8.90614
14.1,8.8765
14.11,8.8472
14.12,8.81822
14.13,8.78955
14.14,8.76117
14.15,8.73305
14.16,8.70518
14.17,8.67754
14.18,8.65009
14.19,8.62283
14.2,8.59573
14.21,8.56877
14.22,8.54193
14.23,8.51519
14.24,8.48852
14.25,8.46191
14.26,8.43534
14.27,8.40878
14.28,8.38222
14.29,8.35564
14.3,8.32902
14.31,8.30235
14.32,8.27561
14.33,8.24878
14.34,8.22184
14.35,8.19479
14.36,8.16762
14.37,8.1403
14.38,8.11284
14.39,8.08521
14.4,8.05742
14.41,8.02945
14.42,8.0013
14.43,7.97297
14.44,7.94444
14.45,7.91573
14.46,7.88682
14.47,7.85772
14.48,7.82843
14.49,7.79895
14.5,7.76929
14.51,7.73945
14.52,7.70944
14.53,7.67926
14.54,7.64893
14.55,7.61846
14.56,7.58785
14.57,7.55713
14.58,7.5263
14.59,7.49537
14.6,7.46438
14.61,7.43332
14.62,7.40222
14.63,7.3711
14.64,7.33998
14.65,7.30888
14.66,7.27781
14.67,7.24681
14.68,7.21588
14.69,7.18507
14.7,7.15438
14.71,7.12385
14.72,7.0935
14.73,7.06334
14.74,7.03341
14.75,7.00374
14.76,6.97433
14.77,6.94523
14.78,6.91646
14.79,6.88803
14.8,6.85997
14.81,6.83232
14.82,6.80508
14.83,6.77829
14.84,6.75196
14.85,6.72612
14.86,6.70079
14.87,6.67599
14.88,6.65174
14.89,6.62805
14.9,6.60495
14.91,6.58245
14.92,6.56057
14.93,6.53932
14.94,6.51872
14.95,6.49877
14.96,6.47949
14.97,6.46089
14.98,6.44297
14.99,6.42574
15,6.40921
15.01,6.39339
15.02,6.37826
15.03,6.36384
15.04,6.35013
15.05,6.33711
15.06,6.32479
15.07,6.31317
15.08,6.30223
15.09,6.29196
15.1,6.28237
15.11,6.27342
15.12,6.26512
15.13,6.25745
15.14,6.25038
15.15,6.24391
15.16,6.23801
15.17,6.23267
15.18,6.22785
15.19,6.22355
15.2,6.21972
15.21,6.21635
15.22,6.21341
15.23,6.21088
15.24,6.20871
15.25,6.20688
15.26,6.20537
15.27,6.20413
15.28,6.20313
15.29,6.20234
15.3,6.20172
15.31,6.20125
15.32,6.20087
15.33,6.20056
15.34,6.20027
15.35,6.19998
15.36,6.19964
15.37,6.1992
15.38,6.19865
15.39,6.19793
15.4,6.197
15.41,6.19583
15.42,6.19439
15.43,6.19262
15.44,6.1905
15.45,6.18798
15.46,6.18504
15.47,6.18162
15.48,6.1777
15.49,6.17324
15.5,6.16821
15.51,6.16257
15.52,6.15628
15.53,6.14932
15.54,6.14166
15.55,6.13325
15.56,6.12409
15.57,6.11413
15.58,6.10335
15.59,6.09172
15.6,6.07922
15.61,6.06583
15.62,6.05151
15.63,6.03627
15.64,6.02006
15.65,6.00288
15.66,5.98471
15.67,5.96553
15.68,5.94533
15.69,5.9241
15.7,5.90182
15.71,5.87849
15.72,5.8541
15.73,5.82864
15.74,5.80211
15.75,5.77451
15.76,5.74583
15.77,5.71606
15.78,5.68522
15.79,5.65331
15.8,5.62032
15.81,5.58626
15.82,5.55115
15.83,5.51497
15.84,5.47775
15.85,5.4395
15.86,5.40021
15.87,5.35992
15.88,5.31862
15.89,5.27634
15.9,5.23308
15.91,5.18886
15.92,5.14371
15.93,5.09763
15.94,5.05064
15.95,5.00277
15.96,4.95403
15.97,4.90445
15.98,4.85403
15.99,4.80281
16,4.75081
16.01,4.69804
16.02,4.64453
16.03,4.5903
16.04,4.53537
16.05,4.47977
16.06,4.42351
16.07,4.36662
16.08,4.30913
16.09,4.25105
16.1,4.1924
16.11,4.13322
16.12,4.07351
16.13,4.01331
16.14,3.95263
16.15,3.89149
16.16,3.82992
16.17,3.76793
16.18,3.70554
16.19,3.64278
16.2,3.57966
16.21,3.5162
16.22,3.45242
16.23,3.38833
16.24,3.32395
16.25,3.2593
16.26,3.19439
16.27,3.12923
16.28,3.06385
16.29,2.99825
16.3,2.93245
16.31,2.86646
16.32,2.80029
16.33,2.73395
16.34,2.66746
16.35,2.60082
16.36,2.53403
16.37,2.46713
16.38,2.4001
16.39,2.33295
16.4,2.26571
16.41,2.19836
16.42,2.13092
16.43,2.0634
16.44,1.9958
16.45,1.92812
16.46,1.86038
16.47,1.79257
16.48,1.7247
16.49,1.65678
16.5,1.58881
16.51,1.5208
16.52,1.45274
16.53,1.38465
16.54,1.31652
16.55,1.24837
16.56,1.18019
16.57,1.112
16.58,1.04379
16.59,0.975566
16.6,0.907339
16.61,0.839113
16.62,0.770892
16.63,0.702682
16.64,0.63449
16.65,0.56632
16.66,0.49818
16.67,0.430078
16.68,0.362019
16.69,0.294013
16.7,0.226066
16.71,0.158189
16.72,0.0903891
16.73,0.0226768
16.74,-0.0449383
16.75,-0.112446
16.76,-0.179835
16.77,-0.247095
16.78,-0.314213
16.79,-0.381179
16.8,-0.447978
16.81,-0.514599
16.82,-0.581029
16.83,-0.647253
16.84,-0.713257
16.85,-0.779029
16.86,-0.844552
16.87,-0.909813
16.88,-0.974796
16.89,-1.03949
16.9,-1.10387
16.91,-1.16793
16.92,-1.23165
16.93,-1.29501
16.94,-1.35801
16.95,-1.42062
16.96,-1.48283
16.97,-1.54462
16.98,-1.60599
16.99,-1.66691
17,-1.72736
17.01,-1.78735
17.02,-1.84684
17.03,-1.90584
17.04,-1.96432
17.05,-2.02227
17.06,-2.07969
17.07,-2.13656
17.08,-2.19287
17.09,-2.24861
17.1,-2.30377
17.11,-2.35835
17.12,-2.41233
17.13,-2.46571
17.14,-2.51849
17.15,-2.57066
17.16,-2.62222
17.17,-2.67316
17.18,-2.72348
17.19,-2.77319
17.2,-2.82228
17.21,-2.87076
17.22,-2.91863
17.23,-2.96589
17.24,-3.01255
17.25,-3.05862
17.26,-3.10409
17.27,-3.149
17.28,-3.19333
17.29,-3.23711
17.3,-3.28034
17.31,-3.32305
17.32,-3.36524
17.33,-3.40693
17.34,-3.44814
17.35,-3.48888
17.36,-3.52919
17.37,-3.56907
17.38,-3.60854
17.39,-3.64764
17.4,-3.68637
17.41,-3.72478
17.42,-3.76287
17.43,-3.80068
17.44,-3.83823
17.45,-3.87556
17.46,-3.91268
17.47,-3.94962
17.48,-3.98642
17.49,-4.0231
17.5,-4.05968
17.51,-4.09621
17.52,-4.13271
17.53,-4.1692
17.54,-4.20573
17.55,-4.2423
17.56,-4.27897
17.57,-4.31575
17.58,-4.35268
17.59,-4.38978
17.6,-4.42707
17.61,-4.4646
17.62,-4.50238
17.63,-4.54044
17.64,-4.57881
17.65,-4.61751
17.66,-4.65657
17.67,-4.696
17.68,-4.73583
17.69,-4.77608
17.7,-4.81677
17.71,-4.85792
17.72,-4.89955
17.73,-4.94166
17.74,-4.98429
17.75,-5.02743
17.76,-5.0711
17.77,-5.11531
17.78,-5.16007
17.79,-5.20538
17.8,-5.25126
17.81,-5.29771
17.82,-5.34472
17.83,-5.3923
17.84,-5.44045
17.85,-5.48916
17.86,-5.53843
17.87,-5.58826
17.88,-5.63864
17.89,-5.68955
17.9,-5.741
17.91,-5.79295
17.92,-5.84541
17.93,-5.89836
17.94,-5.95177
17.95,-6.00564
17.96,-6.05993
17.97,-6.11464
17.98,-6.16973
17.99,-6.22518
18,-6.28097
18.01,-6.33708
18.02,-6.39347
18.03,-6.45012
18.04,-6.50699
18.05,-6.56406
18.06,-6.6213
18.07,-6.67868
18.08,-6.73615
18.09,-6.7937
18.1,-6.85129
18.11,-6.90888
18.12,-6.96643
18.13,-7.02393
18.14,-7.08132
18.15,-7.13858
18.16,-7.19568
18.17,-7.25257
18.18,-7.30923
18.19,-7.36562
18.2,-7.42171
18.21,-7.47747
18.22,-7.53286
18.23,-7.58785
18.24,-7.64241
18.25,-7.69652
18.26,-7.75013
18.27,-7.80323
18.28,-7.85579
18.29,-7.90778
18.3,-7.95918
18.31,-8.00996
18.32,-8.0601
18.33,-8.10958
18.34,-8.15838
18.35,-8.20649
18.36,-8.25387
18.37,-8.30053
18.38,-8.34645
18.39,-8.3916
18.4,-8.43599
18.41,-8.47961
18.42,-8.52244
18.43,-8.56448
18.44,-8.60573
18.45,-8.64618
18.46,-8.68584
18.47,-8.7247
18.48,-8.76276
18.49,-8.80004
18.5,-8.83653
18.51,-8.87224
18.52,-8.90717
18.53,-8.94135
18.54,-8.97478
18.55,-9.00747
18.56,-9.03944
18.57,-9.0707
18.58,-9.10126
18.59,-9.13115
18.6,-9.16039
18.61,-9.18898
18.62,-9.21696
18.63,-9.24435
18.64,-9.27115
18.65,-9.29741
18.66,-9.32314
18.67,-9.34836
18.68,-9.3731
18.69,-9.39739
18.7,-9.42124
18.71,-9.44469
18.72,-9.46776
18.73,-9.49048
18.74,-9.51286
18.75,-9.53494
18.76,-9.55674
18.77,-9.57829
18.78,-9.5996
18.79,-9.62071
18.8,-9.64164
18.81,-9.6624
18.82,-9.68303
18.83,-9.70354
18.84,-9.72396
18.85,-9.7443
18.86,-9.76459
18.87,-9.78483
18.88,-9.80505
18.89,-9.82527
18.9,-9.84549
18.91,-9.86574
18.92,-9.88602
18.93,-9.90635
18.94,-9.92673
18.95,-9.94718
18.96,-9.96769
18.97,-9.98828
18.98,-10.009
18.99,-10.0297
19,-10.0506
19.01,-10.0715
19.02,-10.0925
19.03,-10.1136
19.04,-10.1348
19.05,-10.156
19.06,-10.1773
19.07,-10.1987
19.08,-10.2201
19.09,-10.2415
19.1,-10.263
19.11,-10.2845
19.12,-10.306
19.13,-10.3275
19.14,-10.3489
19.15,-10.3703
19.16,-10.3917
19.17,-10.4129
19.18,-10.4341
19.19,-10.4551
19.2,-10.476
19.21,-10.4967
19.22,-10.5173
19.23,-10.5376
19.24,-10.5577
19.25,-10.5775
19.26,-10.597
19.27,-10.6163
19.28,-10.6352
19.29,-10.6538
19.3,-10.672
19.31,-10.6898
19.32,-10.7072
19.33,-10.7241
19.34,-10.7406
19.35,-10.7566
19.36,-10.7721
19.37,-10.787
19.38,-10.8014
19.39,-10.8153
19.4,-10.8285
19.41,-10.8412
19.42,-10.8532
19.43,-10.8646
19.44,-10.8753
19.45,-10.8853
19.46,-10.8947
19.47,-10.9034
19.48,-10.9113
19.49,-10.9186
19.5,-10.9251
19.51,-10.9309
19.52,-10.9359
19.53,-10.9402
19.54,-10.9438
19.55,-10.9465
19.56,-10.9486
19.57,-10.9499
19.58,-10.9504
19.59,-10.9501
19.6,-10.9491
19.61,-10.9474
19.62,-10.9449
19.63,-10.9417
19.64,-10.9378
19.65,-10.9331
19.66,-10.9277
19.67,-10.9216
19.68,-10.9149
19.69,-10.9074
19.7,-10.8993
19.71,-10.8906
19.72,-10.8812
19.73,-10.8712
19.74,-10.8606
19.75,-10.8494
19.76,-10.8376
19.77,-10.8253
19.78,-10.8125
19.79,-10.7991
19.8,-10.7853
19.81,-10.771
19.82,-10.7562
19.83,-10.741
19.84,-10.7254
19.85,-10.7094
19.86,-10.693
19.87,-10.6763
19.88,-10.6593
19.89,-10.6419
19.9,-10.6243
19.91,-10.6064
19.92,-10.5882
19.93,-10.5698
19.94,-10.5512
19.95,-10.5324
19.96,-10.5134
19.97,-10.4943
19.98,-10.475
19.99,-10.4556
20,-10.4361
20.01,-10.4165
20.02,-10.3968
20.03,-10.3771
20.04,-10.3573
20.05,-10.3375
20.06,-10.3176
20.07,-10.2977
20.08,-10.2778
20.09,-10.258
20.1,-10.2381
20.11,-10.2183
20.12,-10.1985
20.13,-10.1787
20.14,-10.159
20.15,-10.1393
20.16,-10.1197
20.17,-10.1002
20.18,-10.0807
20.19,-10.0613
20.2,-10.042
20.21,-10.0227
20.22,-10.0036
20.23,-9.98448
20.24,-9.96548
20.25,-9.94657
20.26,-9.92774
20.27,-9.909
20.28,-9.89035
20.29,-9.87179
20.3,-9.85332
20.31,-9.83494
20.32,-9.81665
20.33,-9.79845
20.34,-9.78034
20.35,-9.76232
20.36,-9.74439
20.37,-9.72655
20.38,-9.7088
20.39,-9.69114
20.4,-9.67358
20.41,-9.65611
20.42,-9.63874
20.43,-9.62147
20.44,-9.60429
20.45,-9.58722
20.46,-9.57025
20.47,-9.55338
20.48,-9.53663
20.49,-9.51999
20.5,-9.50347
20.51,-9.48707
20.52,-9.4708
20.53,-9.45466
20.54,-9.43866
20.55,-9.42281
20.56,-9.4071
20.57,-9.39156
20.58,-9.37618
20.59,-9.36097
20.6,-9.34594
20.61,-9.33111
20.62,-9.31646
20.63,-9.30203
20.64,-9.28781
20.65,-9.27381
20.66,-9.26004
20.67,-9.24651
20.68,-9.23324
20.69,-9.22022
20.7,-9.20747
20.71,-9.195
20.72,-9.18282
20.73,-9.17093
20.74,-9.15934
20.75,-9.14807
20.76,-9.13712
20.77,-9.12649
20.78,-9.11619
20.79,-9.10624
20.8,-9.09664
20.81,-9.08738
20.82,-9.07848
20.83,-9.06995
20.84,-9.06177
20.85,-9.05397
20.86,-9.04653
20.87,-9.03946
20.88,-9.03276
20.89,-9.02643
20.9,-9.02047
20.91,-9.01487
20.92,-9.00963
20.93,-9.00475
20.94,-9.00021
20.95,-8.99602
20.96,-8.99216
20.97,-8.98862
20.98,-8.9854
20.99,-8.98248
21,-8.97985
21.01,-8.97749
21.02,-8.97539
21.03,-8.97354
21.04,-8.97191
21.05,-8.97049
21.06,-8.96926
21.07,-8.96819
21.08,-8.96726
21.09,-8.96646
21.1,-8.96576
21.11,-8.96513
21.12,-8.96454
21.13,-8.96398
21.14,-8.96341
21.15,-8.96281
21.16,-8.96214
21.17,-8.96138
21.18,-8.9605
21.19,-8.95946
21.2,-8.95824
21.21,-8.9568
21.22,-8.95512
21.23,-8.95316
21.24,-8.95088
21.25,-8.94827
21.26,-8.94528
21.27,-8.94188
21.28,-8.93805
21.29,-8.93374
21.3,-8.92894
21.31,-8.92361
21.32,-8.91771
21.33,-8.91123
21.34,-8.90412
21.35,-8.89637
21.36,-8.88795
21.37,-8.87883
21.38,-8.86898
21.39,-8.85838
21.4,-8.84701
21.41,-8.83485
21.42,-8.82188
21.43,-8.80807
21.44,-8.79342
21.45,-8.7779
21.46,-8.7615
21.47,-8.7442
21.48,-8.726
21.49,-8.70689
21.5,-8.68685
21.51,-8.66589
21.52,-8.64399
21.53,-8.62116
21.54,-8.5974
21.55,-8.5727
21.56,-8.54706
21.57,-8.5205
21.58,-8.49302
21.59,-8.46463
21.6,-8.43533
21.61,-8.40514
21.62,-8.37408
21.63,-8.34215
21.64,-8.30938
21.65,-8.27578
21.66,-8.24138
21.67,-8.2062
21.68,-8.17025
21.69,-8.13357
21.7,-8.09618
21.71,-8.0581
21.72,-8.01938
21.73,-7.98003
21.74,-7.94009
21.75,-7.89959
21.76,-7.85856
21.77,-7.81704
21.78,-7.77506
21.79,-7.73265
21.8,-7.68986
21.81,-7.64671
21.82,-7.60325
21.83,-7.55951
21.84,-7.51553
21.85,-7.47134
21.86,-7.42698
21.87,-7.3825
21.88,-7.33791
21.89,-7.29327
21.9,-7.2486
21.91,-7.20394
21.92,-7.15933
21.93,-7.11479
21.94,-7.07037
21.95,-7.02608
21.96,-6.98197
21.97,-6.93806
21.98,-6.89438
21.99,-6.85096
22,-6.80782
22.01,-6.76498
22.02,-6.72247
22.03,-6.68031
22.04,-6.63851
22.05,-6.5971
22.06,-6.55609
22.07,-6.5155
22.08,-6.47533
22.09,-6.43559
22.1,-6.3963
22.11,-6.35746
22.12,-6.31907
22.13,-6.28114
22.14,-6.24366
22.15,-6.20664
22.16,-6.17007
22.17,-6.13394
22.18,-6.09824
22.19,-6.06298
22.2,-6.02812
22.21,-5.99367
22.22,-5.95961
22.23,-5.92592
22.24,-5.89257
22.25,-5.85956
22.26,-5.82685
22.27,-5.79443
22.28,-5.76227
22.29,-5.73034
22.3,-5.69861
22.31,-5.66706
22.32,-5.63566
22.33,-5.60437
22.34,-5.57316
22.35,-5.54201
22.36,-5.51087
22.37,-5.47971
22.38,-5.44849
22.39,-5.41719
22.4,-5.38576
22.41,-5.35417
22.42,-5.32238
22.43,-5.29036
22.44,-5.25807
22.45,-5.22547
22.46,-5.19253
22.47,-5.15921
22.48,-5.12548
22.49,-5.0913
22.5,-5.05664
22.51,-5.02147
22.52,-4.98576
22.53,-4.94946
22.54,-4.91257
22.55,-4.87503
22.56,-4.83684
22.57,-4.79795
22.58,-4.75835
22.59,-4.71802
22.6,-4.67692
22.61,-4.63505
22.62,-4.59237
22.63,-4.54889
22.64,-4.50457
22.65,-4.45941
22.66,-4.41339
22.67,-4.36651
22.68,-4.31875
22.69,-4.27012
22.7,-4.2206
22.71,-4.17019
22.72,-4.1189
22.73,-4.06672
22.74,-4.01365
22.75,-3.95971
22.76,-3.9049
22.77,-3.84923
22.78,-3.79271
22.79,-3.73534
22.8,-3.67715
22.81,-3.61815
22.82,-3.55836
22.83,-3.49779
22.84,-3.43647
22.85,-3.37441
22.86,-3.31165
22.87,-3.24819
22.88,-3.18408
22.89,-3.11933
22.9,-3.05397
22.91,-2.98803
22.92,-2.92155
22.93,-2.85454
22.94,-2.78704
22.95,-2.71908
22.96,-2.65069
22.97,-2.58191
22.98,-2.51276
22.99,-2.44329
23,-2.37351
23.01,-2.30346
23.02,-2.23319
23.03,-2.16271
23.04,-2.09206
23.05,-2.02127
23.06,-1.95037
23.07,-1.8794
23.08,-1.80838
23.09,-1.73734
23.1,-1.66631
23.11,-1.59532
23.12,-1.5244
23.13,-1.45357
23.14,-1.38285
23.15,-1.31227
23.16,-1.24186
23.17,-1.17163
23.18,-1.1016
23.19,-1.03179
23.2,-0.962224
23.21,-0.892913
23.22,-0.823873
23.23,-0.755118
23.24,-0.686658
23.25,-0.618506
23.26,-0.55067
23.27,-0.483157
23.28,-0.415976
23.29,-0.34913
23.3,-0.282623
23.31,-0.216458
23.32,-0.150636
23.33,-0.0851567
23.34,-0.0200183
23.35,0.0447817
23.36,0.109247
23.37,0.173383
23.38,0.237195
23.39,0.300691
23.4,0.363878
23.41,0.426765
23.42,0.489362
23.43,0.55168
23.44,0.613729
23.45,0.675521
23.46,0.737069
23.47,0.798385
23.48,0.859481
23.49,0.920373
23.5,0.981073
23.51,1.04159
23.52,1.10195
23.53,1.16216
23.54,1.22223
23.55,1.28217
23.56,1.34201
23.57,1.40175
23.58,1.4614
23.59,1.52098
23.6,1.5805
23.61,1.63997
23.62,1.6994
23.63,1.7588
23.64,1.81817
23.65,1.87753
23.66,1.93689
23.67,1.99624
23.68,2.05559
23.69,2.11495
23.7,2.17432
23.71,2.23369
23.72,2.29308
23.73,2.35248
23.74,2.41189
23.75,2.4713
23.76,2.53071
23.77,2.59011
23.78,2.6495
23.79,2.70888
23.8,2.76822
23.81,2.82752
23.82,2.88677
23.83,2.94596
23.84,3.00506
23.85,3.06407
23.86,3.12298
23.87,3.18175
23.88,3.24039
23.89,3.29885
23.9,3.35714
23.91,3.41522
23.92,3.47308
23.93,3.53069
23.94,3.58804
23.95,3.64509
23.96,3.70183
23.97,3.75823
23.98,3.81427
23.99,3.86993
24,3.92517
24.01,3.97998
24.02,4.03434
24.03,4.08822
24.04,4.14159
24.05,4.19443
24.06,4.24673
24.07,4.29846
24.08,4.34959
24.09,4.40011
24.1,4.45
24.11,4.49923
24.12,4.5478
24.13,4.59567
24.14,4.64285
24.15,4.68931
24.16,4.73504
24.17,4.78002
24.18,4.82426
24.19,4.86773
24.2,4.91043
24.21,4.95235
24.22,4.9935
24.23,5.03386
24.24,5.07343
24.25,5.11223
24.26,5.15024
24.27,5.18747
24.28,5.22393
24.29,5.25963
24.3,5.29457
24.31,5.32877
24.32,5.36224
24.33,5.39499
24.34,5.42704
24.35,5.45842
24.36,5.48913
24.37,5.5192
24.38,5.54866
24.39,5.57753
24.4,5.60583
24.41,5.63359
24.42,5.66085
24.43,5.68763
24.44,5.71397
24.45,5.73989
24.46,5.76544
24.47,5.79064
24.48,5.81554
24.49,5.84017
24.5,5.86457
24.51,5.88878
24.52,5.91284
24.53,5.93678
24.54,5.96065
24.55,5.98449
24.56,6.00833
24.57,6.03223
24.58,6.05621
24.59,6.08033
24.6,6.10461
24.61,6.1291
24.62,6.15385
24.63,6.17888
24.64,6.20423
24.65,6.22995
24.66,6.25606
24.67,6.28261
24.68,6.30963
24.69,6.33714
24.7,6.36519
24.71,6.39381
24.72,6.42301
24.73,6.45283
24.74,6.48329
24.75,6.51442
24.76,6.54624
24.77,6.57876
24.78,6.61202
24.79,6.64601
24.8,6.68076
24.81,6.71628
24.82,6.75258
24.83,6.78966
24.84,6.82754
24.85,6.8662
24.86,6.90567
24.87,6.94592
24.88,6.98697
24.89,7.02879
24.9,7.0714
24.91,7.11477
24.92,7.15889
24.93,7.20375
24.94,7.24933
24.95,7.29562
24.96,7.34258
24.97,7.39021
24.98,7.43846
24.99,7.48732
25,7.53676
25.01,7.58675
25.02,7.63725
25.03,7.68823
25.04,7.73966
25.05,7.79149
25.06,7.8437
25.07,7.89624
25.08,7.94906
25.09,8.00214
25.1,8.05542
25.11,8.10886
25.12,8.16243
25.13,8.21606
25.14,8.26973
25.15,8.32338
25.16,8.37696
25.17,8.43044
25.18,8.48376
25.19,8.53688
25.2,8.58975
25.21,8.64233
25.22,8.69458
25.23,8.74644
25.24,8.79787
25.25,8.84884
25.26,8.89929
25.27,8.94919
25.28,8.9985
25.29,9.04717
25.3,9.09518
25.31,9.14247
25.32,9.18902
25.33,9.2348
25.34,9.27977
25.35,9.32389
25.36,9.36715
25.37,9.40951
25.38,9.45095
25.39,9.49145
25.4,9.53098
25.41,9.56952
25.42,9.60706
25.43,9.64358
25.44,9.67906
25.45,9.71351
25.46,9.74689
25.47,9.77922
25.48,9.81047
25.49,9.84066
25.5,9.86977
25.51,9.89781
25.52,9.92478
25.53,9.95068
25.54,9.97553
25.55,9.99932
25.56,10.0221
25.57,10.0438
25.58,10.0645
25.59,10.0842
25.6,10.1029
25.61,10.1207
25.62,10.1375
25.63,10.1534
25.64,10.1684
25.65,10.1825
25.66,10.1957
25.67,10.2082
25.68,10.2198
25.69,10.2306
25.7,10.2407
25.71,10.2501
25.72,10.2588
25.73,10.2668
25.74,10.2742
25.75,10.281
25.76,10.2872
25.77,10.2929
25.78,10.2981
25.79,10.3028
25.8,10.307
25.81,10.3108
25.82,10.3143
25.83,10.3173
25.84,10.3201
25.85,10.3225
25.86,10.3247
25.87,10.3266
25.88,10.3282
25.89,10.3297
25.9,10.331
25.91,10.3321
25.92,10.3331
25.93,10.3339
25.94,10.3346
25.95,10.3353
25.96,10.3359
25.97,10.3364
25.98,10.3369
25.99,10.3373
26,10.3377
26.01,10.3381
26.02,10.3384
26.03,10.3388
26.04,10.3391
26.05,10.3395
26.06,10.3398
26.07,10.3401
26.08,10.3404
26.09,10.3407
26.1,10.341
26.11,10.3413
26.12,10.3415
26.13,10.3417
26.14,10.3418
26.15,10.3419
26.16,10.3419
26.17,10.3418
26.18,10.3416
26.19,10.3412
26.2,10.3408
26.21,10.3401
26.22,10.3393
26.23,10.3384
26.24,10.3372
26.25,10.3358
26.26,10.3341
26.27,10.3322
26.28,10.33
26.29,10.3275
26.3,10.3247
26.31,10.3215
26.32,10.318
26.33,10.3141
26.34,10.3098
26.35,10.305
26.36,10.2999
26.37,10.2943
26.38,10.2883
26.39,10.2817
26.4,10.2747
26.41,10.2672
26.42,10.2591
26.43,10.2506
26.44,10.2415
26.45,10.2319
26.46,10.2217
26.47,10.211
26.48,10.1997
26.49,10.1878
26.5,10.1754
26.51,10.1624
26.52,10.1489
26.53,10.1349
26.54,10.1202
26.55,10.1051
26.56,10.0894
26.57,10.0732
26.58,10.0565
26.59,10.0392
26.6,10.0215
26.61,10.0034
26.62,9.98479
26.63,9.96576
26.64,9.94633
26.65,9.92651
26.66,9.90634
26.67,9.88583
26.68,9.86502
26.69,9.84393
26.7,9.8226
26.71,9.80104
26.72,9.77929
26.73,9.75739
26.74,9.73536
26.75,9.71325
26.76,9.69108
26.77,9.66888
26.78,9.64671
26.79,9.62458
26.8,9.60253
26.81,9.58061
26.82,9.55885
26.83,9.53729
26.84,9.51595
26.85,9.49488
26.86,9.47412
26.87,9.45369
26.88,9.43363
26.89,9.41399
26.9,9.39478
26.91,9.37605
26.92,9.35783
26.93,9.34014
26.94,9.32303
26.95,9.3065
26.96,9.2906
26.97,9.27535
26.98,9.26078
26.99,9.2469
27,9.23375
27.01,9.22133
27.02,9.20968
27.03,9.1988
27.04,9.18871
27.05,9.17943
27.06,9.17096
27.07,9.16332
27.08,9.15651
27.09,9.15054
27.1,9.14541
27.11,9.14112
27.12,9.13768
27.13,9.13508
27.14,9.13331
27.15,9.13238
27.16,9.13226
27.17,9.13296
27.18,9.13445
27.19,9.13673
27.2,9.13978
27.21,9.14357
27.22,9.14809
27.23,9.15332
27.24,9.15923
27.25,9.16579
27.26,9.17299
27.27,9.18079
27.28,9.18917
27.29,9.19808
27.3,9.2075
27.31,9.21739
27.32,9.22773
27.33,9.23846
27.34,9.24957
27.35,9.26099
27.36,9.27271
27.37,9.28468
27.38,9.29686
27.39,9.3092
27.4,9.32168
27.41,9.33424
27.42,9.34684
27.43,9.35946
27.44,9.37203
27.45,9.38453
27.46,9.39691
27.47,9.40912
27.48,9.42114
27.49,9.43293
27.5,9.44443
27.51,9.45562
27.52,9.46646
27.53,9.47691
27.54,9.48693
27.55,9.4965
27.56,9.50558
27.57,9.51414
27.58,9.52214
27.59,9.52956
27.6,9.53638
27.61,9.54256
27.62,9.54809
27.63,9.55294
27.64,9.55708
27.65,9.56051
27.66,9.56319
27.67,9.56513
27.68,9.5663
27.69,9.5667
27.7,9.5663
27.71,9.56511
27.72,9.56312
27.73,9.56032
27.74,9.55672
27.75,9.5523
27.76,9.54708
27.77,9.54106
27.78,9.53423
27.79,9.52661
27.8,9.51821
27.81,9.50903
27.82,9.49909
27.83,9.48839
27.84,9.47697
27.85,9.46482
27.86,9.45196
27.87,9.43842
27.88,9.42422
27.89,9.40937
27.9,9.3939
27.91,9.37783
27.92,9.36119
27.93,9.34399
27.94,9.32627
27.95,9.30804
27.96,9.28934
27.97,9.2702
27.98,9.25063
27.99,9.23066
28,9.21033
28.01,9.18966
28.02,9.16868
28.03,9.14741
28.04,9.12589
28.05,9.10413
28.06,9.08216
28.07,9.06001
28.08,9.03771
28.09,9.01527
28.1,8.99273
28.11,8.97009
28.12,8.94739
28.13,8.92465
28.14,8.90188
28.15,8.8791
28.16,8.85633
28.17,8.83358
28.18,8.81087
28.19,8.78822
28.2,8.76562
28.21,8.7431
28.22,8.72066
28.23,8.69831
28.24,8.67606
28.25,8.6539
28.26,8.63184
28.27,8.60988
28.28,8.58803
28.29,8.56627
28.3,8.5446
28.31,8.52303
28.32,8.50153
28.33,8.48011
28.34,8.45875
28.35,8.43744
28.36,8.41618
28.37,8.39493
28.38,8.37369
28.39,8.35245
28.4,8.33118
28.41,8.30986
28.42,8.28848
28.43,8.26702
28.44,8.24544
28.45,8.22373
28.46,8.20187
28.47,8.17982
28.48,8.15757
28.49,8.13509
28.5,8.11235
28.51,8.08933
28.52,8.066
28.53,8.04232
28.54,8.01829
28.55,7.99386
28.56,7.96901
28.57,7.94371
28.58,7.91795
28.59,7.89168
28.6,7.86489
28.61,7.83754
28.62,7.80963
28.63,7.78111
28.64,7.75197
28.65,7.72219
28.66,7.69174
28.67,7.6606
28.68,7.62876
28.69,7.5962
28.7,7.56289
28.71,7.52883
28.72,7.49399
28.73,7.45837
28.74,7.42196
28.75,7.38474
28.76,7.3467
28.77,7.30784
28.78,7.26815
28.79,7.22763
28.8,7.18628
28.81,7.14409
28.82,7.10107
28.83,7.05722
28.84,7.01253
28.85,6.96703
28.86,6.92071
28.87,6.87358
28.88,6.82566
28.89,6.77695
28.9,6.72748
28.91,6.67724
28.92,6.62627
28.93,6.57457
28.94,6.52218
28.95,6.46909
28.96,6.41535
28.97,6.36097
28.98,6.30597
28.99,6.25038
29,6.19423
29.01,6.13753
29.02,6.08033
29.03,6.02264
29.04,5.96449
29.05,5.90592
29.06,5.84695
29.07,5.78762
29.08,5.72795
29.09,5.66797
29.1,5.60771
29.11,5.54721
29.12,5.48649
29.13,5.42559
29.14,5.36453
29.15,5.30334
29.16,5.24206
29.17,5.18071
29.18,5.11931
29.19,5.0579
29.2,4.99651
29.21,4.93515
29.22,4.87385
29.23,4.81264
29.24,4.75154
29.25,4.69057
29.26,4.62975
29.27,4.56909
29.28,4.50863
29.29,4.44836
29.3,4.38832
29.31,4.3285
29.32,4.26893
29.33,4.20962
29.34,4.15056
29.35,4.09178
29.36,4.03327
29.37,3.97504
29.38,3.91709
29.39,3.85943
29.4,3.80205
29.41,3.74496
29.42,3.68814
29.43,3.63159
29.44,3.57531
29.45,3.51929
29.46,3.46352
29.47,3.40798
29.48,3.35267
29.49,3.29757
29.5,3.24267
29.51,3.18795
29.52,3.13339
29.53,3.07898
29.54,3.0247
29.55,2.97052
29.56,2.91642
29.57,2.86238
29.58,2.80839
29.59,2.75441
29.6,2.70042
29.61,2.64641
29.62,2.59233
29.63,2.53817
29.64,2.48391
29.65,2.42951
29.66,2.37495
29.67,2.32021
29.68,2.26526
29.69,2.21007
29.7,2.15463
29.71,2.0989
29.72,2.04286
29.73,1.98649
29.74,1.92977
29.75,1.87267
29.76,1.81518
29.77,1.75726
29.78,1.69891
29.79,1.6401
29.8,1.58082
29.81,1.52105
29.82,1.46078
29.83,1.39999
29.84,1.33867
29.85,1.2768
29.86,1.21438
29.87,1.15141
29.88,1.08786
29.89,1.02375
29.9,0.959058
29.91,0.893788
29.92,0.827939
29.93,0.761511
29.94,0.694508
29.95,0.626932
29.96,0.55879
29.97,0.490088
29.98,0.420834
29.99,0.35104
30,0.280716
30.01,0.209875
30.02,0.138532
30.03,0.0667025
30.04,-0.00559616
30.05,-0.0783456
30.06,-0.151526
30.07,-0.225117
30.08,-0.299096
30.09,-0.373439
30.1,-0.448124
30.11,-0.523124
30.12,-0.598414
30.13,-0.673967
30.14,-0.749755
30.15,-0.82575
30.16,-0.901923
30.17,-0.978246
30.18,-1.05469
30.19,-1.13122
30.2,-1.20781
30.21,-1.28443
30.22,-1.36104
30.23,-1.43762
30.24,-1.51414
30.25,-1.59057
30.26,-1.66687
30.27,-1.74302
30.28,-1.81898
30.29,-1.89473
30.3,-1.97024
30.31,-2.04548
30.32,-2.12043
30.33,-2.19505
30.34,-2.26933
30.35,-2.34323
30.36,-2.41674
30.37,-2.48983
30.38,-2.56248
30.39,-2.63466
30.4,-2.70637
30.41,-2.77758
30.42,-2.84827
30.43,-2.91843
30.44,-2.98804
30.45,-3.0571
30.46,-3.12558
30.47,-3.19349
30.48,-3.2608
30.49,-3.32752
30.5,-3.39363
30.51,-3.45913
30.52,-3.52402
30.53,-3.5883
30.54,-3.65196
30.55,-3.715
30.56,-3.77744
30.57,-3.83926
30.58,-3.90047
30.59,-3.96109
30.6,-4.02111
30.61,-4.08054
30.62,-4.1394
30.63,-4.19769
30.64,-4.25543
30.65,-4.31261
30.66,-4.36927
30.67,-4.42541
30.68,-4.48104
30.69,-4.53618
30.7,-4.59085
30.71,-4.64506
30.72,-4.69883
30.73,-4.75216
30.74,-4.8051
30.75,-4.85763
30.76,-4.9098
30.77,-4.96161
30.78,-5.01307
30.79,-5.06422
30.8,-5.11506
30.81,-5.16561
30.82,-5.21589
30.83,-5.26592
30.84,-5.3157
30.85,-5.36526
30.86,-5.41462
30.87,-5.46377
30.88,-5.51275
30.89,-5.56156
30.9,-5.61021
30.91,-5.65871
30.92,-5.70708
30.93,-5.75532
30.94,-5.80345
30.95,-5.85146
30.96,-5.89937
30.97,-5.94718
30.98,-5.99489
30.99,-6.0425
31,-6.09003
31.01,-6.13746
31.02,-6.1848
31.03,-6.23205
31.04,-6.2792
31.05,-6.32624
31.06,-6.37317
31.07,-6.41999
31.08,-6.46669
31.09,-6.51325
31.1,-6.55967
31.11,-6.60593
31.12,-6.65203
31.13,-6.69794
31.14,-6.74365
31.15,-6.78916
31.16,-6.83443
31.17,-6.87946
31.18,-6.92422
31.19,-6.9687
31.2,-7.01287
31.21,-7.05672
31.22,-7.10022
31.23,-7.14336
31.24,-7.18611
31.25,-7.22844
31.26,-7.27034
31.27,-7.31178
31.28,-7.35274
31.29,-7.39319
31.3,-7.43312
31.31,-7.4725
31.32,-7.5113
31.33,-7.5495
31.34,-7.58709
31.35,-7.62403
31.36,-7.66031
31.37,-7.6959
31.38,-7.73079
31.39,-7.76495
31.4,-7.79836
31.41,-7.83101
31.42,-7.86288
31.43,-7.89395
31.44,-7.92421
31.45,-7.95364
31.46,-7.98222
31.47,-8.00995
31.48,-8.03682
31.49,-8.0628
31.5,-8.08791
31.51,-8.11212
31.52,-8.13543
31.53,-8.15784
31.54,-8.17934
31.55,-8.19994
31.56,-8.21963
31.57,-8.23841
31.58,-8.25629
31.59,-8.27327
31.6,-8.28936
31.61,-8.30457
31.62,-8.3189
31.63,-8.33236
31.64,-8.34497
31.65,-8.35674
31.66,-8.36768
31.67,-8.37782
31.68,-8.38717
31.69,-8.39575
31.7,-8.40357
31.71,-8.41067
31.72,-8.41707
31.73,-8.42278
31.74,-8.42784
31.75,-8.43228
31.76,-8.43611
31.77,-8.43937
31.78,-8.44209
31.79,-8.4443
31.8,-8.44604
31.81,-8.44732
31.82,-8.44819
31.83,-8.44868
31.84,-8.44883
31.85,-8.44866
31.86,-8.44821
31.87,-8.44753
31.88,-8.44663
31.89,-8.44557
31.9,-8.44436
31.91,-8.44306
31.92,-8.44169
31.93,-8.44029
31.94,-8.4389
31.95,-8.43754
31.96,-8.43625
31.97,-8.43508
31.98,-8.43404
31.99,-8.43317
32,-8.4325
32.01,-8.43206
32.02,-8.43189
32.03,-8.43201
32.04,-8.43245
32.05,-8.43323
32.06,-8.43439
32.07,-8.43594
32.08,-8.43791
32.09,-8.44032
32.1,-8.44319
32.11,-8.44654
32.12,-8.45038
32.13,-8.45474
32.14,-8.45963
32.15,-8.46506
32.16,-8.47105
32.17,-8.4776
32.18,-8.48472
32.19,-8.49241
32.2,-8.50069
32.21,-8.50956
32.22,-8.51902
32.23,-8.52907
32.24,-8.53971
32.25,-8.55093
32.26,-8.56273
32.27,-8.57511
32.28,-8.58806
32.29,-8.60156
32.3,-8.61562
32.31,-8.6302
32.32,-8.64531
32.33,-8.66093
32.34,-8.67704
32.35,-8.69362
32.36,-8.71066
32.37,-8.72813
32.38,-8.74601
32.39,-8.76428
32.4,-8.78292
32.41,-8.80189
32.42,-8.82119
32.43,-8.84077
32.44,-8.86062
32.45,-8.8807
32.46,-8.90099
32.47,-8.92145
32.48,-8.94206
32.49,-8.96278
32.5,-8.98359
32.51,-9.00445
32.52,-9.02534
32.53,-9.04621
32.54,-9.06704
32.55,-9.0878
32.56,-9.10845
32.57,-9.12896
32.58,-9.14931
32.59,-9.16945
32.6,-9.18936
32.61,-9.20901
32.62,-9.22837
32.63,-9.2474
32.64,-9.26607
32.65,-9.28437
32.66,-9.30226
32.67,-9.31971
32.68,-9.33669
32.69,-9.35319
32.7,-9.36917
32.71,-9.38461
32.72,-9.39949
32.73,-9.41379
32.74,-9.42749
32.75,-9.44056
32.76,-9.45299
32.77,-9.46476
32.78,-9.47586
32.79,-9.48627
32.8,-9.49597
32.81,-9.50496
32.82,-9.51323
32.83,-9.52076
32.84,-9.52755
32.85,-9.5336
32.86,-9.53889
32.87,-9.54342
32.88,-9.54719
32.89,-9.55021
32.9,-9.55246
32.91,-9.55396
32.92,-9.55471
32.93,-9.55471
32.94,-9.55397
32.95,-9.55249
32.96,-9.5503
32.97,-9.54739
32.98,-9.54378
32.99,-9.53949
33,-9.53452
33.01,-9.5289
33.02,-9.52265
33.03,-9.51577
33.04,-9.50829
33.05,-9.50024
33.06,-9.49163
33.07,-9.48249
33.08,-9.47284
33.09,-9.4627
33.1,-9.45211
33.11,-9.44109
33.12,-9.42967
33.13,-9.41788
33.14,-9.40574
33.15,-9.39329
33.16,-9.38056
33.17,-9.36758
33.18,-9.35438
33.19,-9.34099
33.2,-9.32745
33.21,-9.3138
33.22,-9.30005
33.23,-9.28626
33.24,-9.27245
33.25,-9.25866
33.26,-9.24491
33.27,-9.23126
33.28,-9.21773
33.29,-9.20435
33.3,-9.19116
33.31,-9.17819
33.32,-9.16549
33.33,-9.15307
33.34,-9.14098
33.35,-9.12924
33.36,-9.1179
33.37,-9.10697
33.38,-9.0965
33.39,-9.08651
33.4,-9.07704
33.41,-9.0681
33.42,-9.05974
33.43,-9.05197
33.44,-9.04483
33.45,-9.03834
33.46,-9.03253
33.47,-9.02741
33.48,-9.02302
33.49,-9.01937
33.5,-9.01648
33.51,-9.01438
33.52,-9.01308
33.53,-9.0126
33.54,-9.01295
33.55,-9.01415
33.56,-9.01622
33.57,-9.01916
33.58,-9.02299
33.59,-9.02771
33.6,-9.03334
33.61,-9.03987
33.62,-9.04732
33.63,-9.05569
33.64,-9.06498
33.65,-9.07519
33.66,-9.08632
33.67,-9.09838
33.68,-9.11135
33.69,-9.12523
33.7,-9.14002
33.71,-9.1557
33.72,-9.17228
33.73,-9.18973
33.74,-9.20806
33.75,-9.22723
33.76,-9.24725
33.77,-9.26809
33.78,-9.28974
33.79,-9.31218
33.8,-9.33539
33.81,-9.35935
33.82,-9.38403
33.83,-9.40942
33.84,-9.4355
33.85,-9.46222
33.86,-9.48958
33.87,-9.51753
33.88,-9.54606
33.89,-9.57513
33.9,-9.60472
33.91,-9.63479
33.92,-9.66531
33.93,-9.69625
33.94,-9.72757
33.95,-9.75924
33.96,-9.79123
33.97,-9.8235
33.98,-9.85602
33.99,-9.88874
34,-9.92164
34.01,-9.95467
34.02,-9.98779
34.03,-10.021
34.04,-10.0542
34.05,-10.0874
34.06,-10.1205
34.07,-10.1536
34.08,-10.1865
34.09,-10.2192
34.1,-10.2518
34.11,-10.2841
34.12,-10.3161
34.13,-10.3477
34.14,-10.3791
34.15,-10.41
34.16,-10.4405
34.17,-10.4705
34.18,-10.5
34.19,-10.529
34.2,-10.5574
34.21,-10.5852
34.22,-10.6123
34.23,-10.6388
34.24,-10.6645
34.25,-10.6895
34.26,-10.7137
34.27,-10.7372
34.28,-10.7598
34.29,-10.7815
34.3,-10.8023
34.31,-10.8222
34.32,-10.8412
34.33,-10.8592
34.34,-10.8762
34.35,-10.8922
34.36,-10.9072
34.37,-10.9211
34.38,-10.9339
34.39,-10.9456
34.4,-10.9562
34.41,-10.9656
34.42,-10.9739
34.43,-10.9811
34.44,-10.987
34.45,-10.9918
34.46,-10.9953
34.47,-10.9977
34.48,-10.9988
34.49,-10.9986
34.5,-10.9973
34.51,-10.9947
34.52,-10.9908
34.53,-10.9856
34.54,-10.9792
34.55,-10.9716
34.56,-10.9626
34.57,-10.9524
34.58,-10.9409
34.59,-10.9282
34.6,-10.9141
34.61,-10.8988
34.62,-10.8823
34.63,-10.8645
34.64,-10.8454
34.65,-10.8251
34.66,-10.8035
34.67,-10.7808
34.68,-10.7567
34.69,-10.7315
34.7,-10.7051
34.71,-10.6775
34.72,-10.6486
34.73,-10.6186
34.74,-10.5875
34.75,-10.5552
34.76,-10.5218
34.77,-10.4872
34.78,-10.4515
34.79,-10.4148
34.8,-10.3769
34.81,-10.338
34.82,-10.2981
34.83,-10.2571
34.84,-10.2151
34.85,-10.1722
34.86,-10.1282
34.87,-10.0833
34.88,-10.0374
34.89,-9.99067
34.9,-9.943
34.91,-9.89445
34.92,-9.84503
34.93,-9.79477
34.94,-9.7437
34.95,-9.69182
34.96,-9.63916
34.97,-9.58575
34.98,-9.53159
34.99,-9.47672
35,-9.42116
35.01,-9.36493
35.02,-9.30804
35.03,-9.25053
35.04,-9.19241
35.05,-9.13371
35.06,-9.07445
35.07,-9.01465
35.08,-8.95434
35.09,-8.89354
35.1,-8.83227
35.11,-8.77055
35.12,-8.70842
35.13,-8.64588
35.14,-8.58297
35.15,-8.51971
35.16,-8.45612
35.17,-8.39223
35.18,-8.32806
35.19,-8.26363
35.2,-8.19897
35.21,-8.1341
35.22,-8.06905
35.23,-8.00383
35.24,-7.93847
35.25,-7.873
35.26,-7.80743
35.27,-7.7418
35.28,-7.67611
35.29,-7.61041
35.3,-7.5447
35.31,-7.47901
35.32,-7.41336
35.33,-7.34778
35.34,-7.28229
35.35,-7.2169
35.36,-7.15163
35.37,-7.08652
35.38,-7.02157
35.39,-6.95681
35.4,-6.89226
35.41,-6.82793
35.42,-6.76384
35.43,-6.70002
35.44,-6.63647
35.45,-6.57322
35.46,-6.51027
35.47,-6.44765
35.48,-6.38537
35.49,-6.32344
35.5,-6.26188
35.51,-6.20069
35.52,-6.13989
35.53,-6.07949
35.54,-6.0195
35.55,-5.95993
35.56,-5.90079
35.57,-5.84207
35.58,-5.78379
35.59,-5.72596
35.6,-5.66857
35.61,-5.61163
35.62,-5.55515
35.63,-5.49911
35.64,-5.44353
35.65,-5.3884
35.66,-5.33372
35.67,-5.27948
35.68,-5.22568
35.69,-5.17232
35.7,-5.11938
35.71,-5.06687
35.72,-5.01476
35.73,-4.96306
35.74,-4.91175
35.75,-4.86081
35.76,-4.81024
35.77,-4.76001
35.78,-4.71012
35.79,-4.66055
35.8,-4.61129
35.81,-4.5623
35.82,-4.51358
35.83,-4.4651
35.84,-4.41684
35.85,-4.36879
35.86,-4.32092
35.87,-4.2732
35.88,-4.22561
35.89,-4.17814
35.9,-4.13074
35.91,-4.08341
35.92,-4.03611
35.93,-3.98881
35.94,-3.94149
35.95,-3.89413
35.96,-3.84669
35.97,-3.79915
35.98,-3.75148
35.99,-3.70366
36,-3.65565
36.01,-3.60744
36.02,-3.55898
36.03,-3.51027
36.04,-3.46126
36.05,-3.41194
36.06,-3.36228
36.07,-3.31226
36.08,-3.26184
36.09,-3.21101
36.1,-3.15975
36.11,-3.10803
36.12,-3.05583
36.13,-3.00313
36.14,-2.94991
36.15,-2.89616
36.16,-2.84186
36.17,-2.78699
36.18,-2.73154
36.19,-2.67549
36.2,-2.61884
36.21,-2.56157
36.22,-2.50367
36.23,-2.44515
36.24,-2.38598
36.25,-2.32617
36.26,-2.26572
36.27,-2.20461
36.28,-2.14287
36.29,-2.08048
36.3,-2.01744
36.31,-1.95378
36.32,-1.88949
36.33,-1.82458
36.34,-1.75906
36.35,-1.69295
36.36,-1.62626
36.37,-1.559
36.38,-1.49119
36.39,-1.42285
36.4,-1.35401
36.41,-1.28467
36.42,-1.21488
36.43,-1.14464
36.44,-1.07399
36.45,-1.00296
36.46,-0.931564
36.47,-0.859845
36.48,-0.78783
36.49,-0.715552
36.5,-0.643044
36.51,-0.57034
36.52,-0.497474
36.53,-0.424484
36.54,-0.351405
36.55,-0.278275
36.56,-0.205131
36.57,-0.132011
36.58,-0.0589543
36.59,0.0140006
36.6,0.0868151
36.61,0.15945
36.62,0.231867
36.63,0.304026
36.64,0.37589
36.65,0.44742
36.66,0.518578
36.67,0.589327
36.68,0.659631
36.69,0.729454
36.7,0.79876
36.71,0.867515
36.72,0.935687
36.73,1.00324
36.74,1.07015
36.75,1.13638
36.76,1.20191
36.77,1.26671
36.78,1.33075
36.79,1.394
36.8,1.45646
36.81,1.51809
36.82,1.57888
36.83,1.63881
36.84,1.69787
36.85,1.75604
36.86,1.8133
36.87,1.86967
36.88,1.92511
36.89,1.97964
36.9,2.03324
36.91,2.08592
36.92,2.13768
36.93,2.18852
36.94,2.23844
36.95,2.28745
36.96,2.33557
36.97,2.38279
36.98,2.42915
36.99,2.47465
37,2.5193
37.01,2.56314
37.02,2.60618
37.03,2.64844
37.04,2.68995
37.05,2.73073
37.06,2.77081
37.07,2.81023
37.08,2.84902
37.09,2.8872
37.1,2.92481
37.11,2.96188
37.12,2.99846
37.13,3.03458
37.14,3.07028
37.15,3.10559
37.16,3.14057
37.17,3.17524
37.18,3.20966
37.19,3.24385
37.2,3.27788
37.21,3.31177
37.22,3.34557
37.23,3.37932
37.24,3.41307
37.25,3.44686
37.26,3.48073
37.27,3.51472
37.28,3.54888
37.29,3.58324
37.3,3.61784
37.31,3.65273
37.32,3.68794
37.33,3.72351
37.34,3.75947
37.35,3.79586
37.36,3.83272
37.37,3.87007
37.38,3.90795
37.39,3.94638
37.4,3.9854
37.41,4.02503
37.42,4.06528
37.43,4.1062
37.44,4.14779
37.45,4.19007
37.46,4.23306
37.47,4.27678
37.48,4.32123
37.49,4.36643
37.5,4.41239
37.51,4.4591
37.52,4.50658
37.53,4.55483
37.54,4.60385
37.55,4.65363
37.56,4.70417
37.57,4.75546
37.58,4.80749
37.59,4.86026
37.6,4.91375
37.61,4.96794
37.62,5.02282
37.63,5.07836
37.64,5.13456
37.65,5.19138
37.66,5.24879
37.67,5.30678
37.68,5.36532
37.69,5.42437
37.7,5.48391
37.71,5.5439
37.72,5.60431
37.73,5.6651
37.74,5.72624
37.75,5.78769
37.76,5.84941
37.77,5.91137
37.78,5.97351
37.79,6.03581
37.8,6.09821
37.81,6.16069
37.82,6.22319
37.83,6.28567
37.84,6.34809
37.85,6.4104
37.86,6.47257
37.87,6.53455
37.88,6.59629
37.89,6.65775
37.9,6.7189
37.91,6.77968
37.92,6.84005
37.93,6.89998
37.94,6.95943
37.95,7.01835
37.96,7.0767
37.97,7.13445
37.98,7.19155
37.99,7.24798
38,7.3037
38.01,7.35867
38.02,7.41286
38.03,7.46624
38.04,7.51877
38.05,7.57044
38.06,7.6212
38.07,7.67104
38.08,7.71993
38.09,7.76784
38.1,7.81476
38.11,7.86066
38.12,7.90553
38.13,7.94934
38.14,7.99208
38.15,8.03374
38.16,8.07431
38.17,8.11377
38.18,8.15211
38.19,8.18932
38.2,8.22541
38.21,8.26035
38.22,8.29416
38.23,8.32682
38.24,8.35834
38.25,8.38872
38.26,8.41795
38.27,8.44604
38.28,8.473
38.29,8.49883
38.3,8.52354
38.31,8.54714
38.32,8.56963
38.33,8.59103
38.34,8.61134
38.35,8.63059
38.36,8.64877
38.37,8.66591
38.38,8.68202
38.39,8.69712
38.4,8.71122
38.41,8.72434
38.42,8.7365
38.43,8.74771
38.44,8.758
38.45,8.76737
38.46,8.77586
38.47,8.78349
38.48,8.79026
38.49,8.79621
38.5,8.80135
38.51,8.8057
38.52,8.80929
38.53,8.81214
38.54,8.81427
38.55,8.81569
38.56,8.81644
38.57,8.81653
38.58,8.81598
38.59,8.81482
38.6,8.81306
38.61,8.81074
38.62,8.80786
38.63,8.80445
38.64,8.80054
38.65,8.79613
38.66,8.79126
38.67,8.78594
38.68,8.7802
38.69,8.77405
38.7,8.76751
38.71,8.76061
38.72,8.75336
38.73,8.74578
38.74,8.73789
38.75,8.72971
38.76,8.72127
38.77,8.71257
38.78,8.70364
38.79,8.69449
38.8,8.68515
38.81,8.67563
38.82,8.66595
38.83,8.65613
38.84,8.64619
38.85,8.63615
38.86,8.62601
38.87,8.61581
38.88,8.60556
38.89,8.59527
38.9,8.58497
38.91,8.57467
38.92,8.56439
38.93,8.55415
38.94,8.54397
38.95,8.53386
38.96,8.52384
38.97,8.51394
38.98,8.50416
38.99,8.49453
39,8.48506
39.01,8.47577
39.02,8.46669
39.03,8.45783
39.04,8.4492
39.05,8.44083
39.06,8.43273
39.07,8.42492
39.08,8.41742
39.09,8.41025
39.1,8.40342
39.11,8.39695
39.12,8.39087
39.13,8.38518
39.14,8.3799
39.15,8.37506
39.16,8.37066
39.17,8.36673
39.18,8.36328
39.19,8.36032
39.2,8.35787
39.21,8.35594
39.22,8.35456
39.23,8.35372
39.24,8.35345
39.25,8.35376
39.26,8.35466
39.27,8.35616
39.28,8.35828
39.29,8.36101
39.3,8.36438
39.31,8.36838
39.32,8.37303
39.33,8.37833
39.34,8.38428
39.35,8.3909
39.36,8.39819
39.37,8.40614
39.38,8.41476
39.39,8.42405
39.4,8.43401
39.41,8.44464
39.42,8.45593
39.43,8.46788
39.44,8.48049
39.45,8.49374
39.46,8.50763
39.47,8.52216
39.48,8.5373
39.49,8.55306
39.5,8.56941
39.51,8.58634
39.52,8.60385
39.53,8.62191
39.54,8.6405
39.55,8.65961
39.56,8.67921
39.57,8.6993
39.58,8.71984
39.59,8.74081
39.6,8.7622
39.61,8.78396
39.62,8.80609
39.63,8.82855
39.64,8.85132
39.65,8.87437
39.66,8.89767
39.67,8.92118
39.68,8.94489
39.69,8.96876
39.7,8.99277
39.71,9.01687
39.72,9.04104
39.73,9.06525
39.74,9.08946
39.75,9.11365
39.76,9.13777
39.77,9.16181
39.78,9.18573
39.79,9.20949
39.8,9.23307
39.81,9.25643
39.82,9.27955
39.83,9.30239
39.84,9.32493
39.85,9.34714
39.86,9.36898
39.87,9.39043
39.88,9.41147
39.89,9.43208
39.9,9.45221
39.91,9.47186
39.92,9.49101
39.93,9.50962
39.94,9.52768
39.95,9.54518
39.96,9.56209
39.97,9.5784
39.98,9.5941
39.99,9.60917
40,9.62361
40.01,9.6374
40.02,9.65054
40.03,9.66302
40.04,9.67483
40.05,9.68598
40.06,9.69646
40.07,9.70627
40.08,9.71543
40.09,9.72392
40.1,9.73175
40.11,9.73894
40.12,9.7455
40.13,9.75143
40.14,9.75674
40.15,9.76146
40.16,9.76559
40.17,9.76915
40.18,9.77217
40.19,9.77467
40.2,9.77665
40.21,9.77816
40.22,9.77921
40.23,9.77982
40.24,9.78003
40.25,9.77987
40.26,9.77936
40.27,9.77853
40.28,9.77741
40.29,9.77604
40.3,9.77445
40.31,9.77266
40.32,9.77073
40.33,9.76867
40.34,9.76653
40.35,9.76433
40.36,9.76213
40.37,9.75994
40.38,9.75781
40.39,9.75576
40.4,9.75385
40.41,9.7521
40.42,9.75054
40.43,9.74922
40.44,9.74816
40.45,9.7474
40.46,9.74698
40.47,9.74691
40.48,9.74724
40.49,9.748
40.5,9.74921
40.51,9.7509
40.52,9.7531
40.53,9.75584
40.54,9.75914
40.55,9.76302
40.56,9.76751
40.57,9.77262
40.58,9.77838
40.59,9.7848
40.6,9.79189
40.61,9.79968
40.62,9.80817
40.63,9.81737
40.64,9.8273
40.65,9.83795
40.66,9.84934
40.67,9.86147
40.68,9.87433
40.69,9.88794
40.7,9.90228
40.71,9.91735
40.72,9.93315
40.73,9.94967
40.74,9.96689
40.75,9.98481
40.76,10.0034
40.77,10.0227
40.78,10.0426
40.79,10.0632
40.8,10.0843
40.81,10.1061
40.82,10.1284
40.83,10.1512
40.84,10.1746
40.85,10.1984
40.86,10.2227
40.87,10.2475
40.88,10.2726
40.89,10.2981
40.9,10.3238
40.91,10.3499
40.92,10.3762
40.93,10.4028
40.94,10.4295
40.95,10.4563
40.96,10.4832
40.97,10.5102
40.98,10.5372
40.99,10.5641
41,10.5909
41.01,10.6177
41.02,10.6442
41.03,10.6706
41.04,10.6967
41.05,10.7225
41.06,10.7479
41.07,10.773
41.08,10.7976
41.09,10.8217
41.1,10.8454
41.11,10.8684
41.12,10.8909
41.13,10.9127
41.14,10.9338
41.15,10.9541
41.16,10.9737
41.17,10.9925
41.18,11.0104
41.19,11.0274
41.2,11.0435
41.21,11.0586
41.22,11.0727
41.23,11.0857
41.24,11.0977
41.25,11.1086
41.26,11.1183
41.27,11.1268
41.28,11.1342
41.29,11.1403
41.3,11.1451
41.31,11.1487
41.32,11.1509
41.33,11.1518
41.34,11.1514
41.35,11.1495
41.36,11.1463
41.37,11.1416
41.38,11.1355
41.39,11.1279
41.4,11.1189
41.41,11.1083
41.42,11.0963
41.43,11.0828
41.44,11.0677
41.45,11.0511
41.46,11.033
41.47,11.0134
41.48,10.9922
41.49,10.9694
41.5,10.9451
41.51,10.9192
41.52,10.8918
41.53,10.8628
41.54,10.8322
41.55,10.8002
41.56,10.7665
41.57,10.7314
41.58,10.6947
41.59,10.6564
41.6,10.6167
41.61,10.5754
41.62,10.5327
41.63,10.4884
41.64,10.4427
41.65,10.3956
41.66,10.347
41.67,10.2969
41.68,10.2455
41.69,10.1926
41.7,10.1384
41.71,10.0828
41.72,10.0259
41.73,9.96769
41.74,9.90816
41.75,9.84736
41.76,9.78531
41.77,9.72203
41.78,9.65754
41.79,9.59188
41.8,9.52506
41.81,9.45712
41.82,9.38808
41.83,9.31796
41.84,9.2468
41.85,9.17462
41.86,9.10145
41.87,9.02732
41.88,8.95227
41.89,8.87632
41.9,8.7995
41.91,8.72185
41.92,8.64339
41.93,8.56416
41.94,8.48419
41.95,8.40352
41.96,8.32217
41.97,8.24019
41.98,8.15759
41.99,8.07443
42,7.99073
42.01,7.90653
42.02,7.82186
42.03,7.73675
42.04,7.65125
42.05,7.56538
42.06,7.47918
42.07,7.3927
42.08,7.30595
42.09,7.21898
42.1,7.13182
42.11,7.04451
42.12,6.95708
42.13,6.86956
42.14,6.782
42.15,6.69442
42.16,6.60685
42.17,6.51934
42.18,6.43191
42.19,6.34461
42.2,6.25745
42.21,6.17047
42.22,6.0837
42.23,5.99718
42.24,5.91094
42.25,5.82499
42.26,5.73938
42.27,5.65414
42.28,5.56928
42.29,5.48483
42.3,5.40083
42.31,5.31729
42.32,5.23425
42.33,5.15172
42.34,5.06973
42.35,4.98829
42.36,4.90744
42.37,4.82718
42.38,4.74754
42.39,4.66853
42.4,4.59018
42.41,4.51249
42.42,4.43548
42.43,4.35916
42.44,4.28355
42.45,4.20865
42.46,4.13448
42.47,4.06104
42.48,3.98833
42.49,3.91637
42.5,3.84516
42.51,3.7747
42.52,3.70499
42.53,3.63604
42.54,3.56783
42.55,3.50038
42.56,3.43368
42.57,3.36772
42.58,3.30249
42.59,3.238
42.6,3.17422
42.61,3.11116
42.62,3.04881
42.63,2.98714
42.64,2.92615
42.65,2.86583
42.66,2.80615
42.67,2.74712
42.68,2.6887
42.69,2.63088
42.7,2.57364
42.71,2.51697
42.72,2.46084
42.73,2.40523
42.74,2.35013
42.75,2.29551
42.76,2.24135
42.77,2.18762
42.78,2.1343
42.79,2.08137
42.8,2.02881
42.81,1.97659
42.82,1.92468
42.83,1.87306
42.84,1.82171
42.85,1.7706
42.86,1.71971
42.87,1.669
42.88,1.61847
42.89,1.56807
42.9,1.5178
42.91,1.46761
42.92,1.4175
42.93,1.36744
42.94,1.31739
42.95,1.26735
42.96,1.21729
42.97,1.16719
42.98,1.11702
42.99,1.06678
43,1.01643
43.01,0.96596
43.02,0.915355
43.03,0.864596
43.04,0.813667
43.05,0.762554
43.06,0.711242
43.07,0.659718
43.08,0.607971
43.09,0.555989
43.1,0.503762
43.11,0.451282
43.12,0.398539
43.13,0.345529
43.14,0.292244
43.15,0.23868
43.16,0.184834
43.17,0.130703
43.18,0.0762853
43.19,0.021581
43.2,-0.0334092
43.21,-0.0886838
43.22,-0.14424
43.23,-0.200074
43.24,-0.25618
43.25,-0.312554
43.26,-0.369188
43.27,-0.426074
43.28,-0.483205
43.29,-0.54057
43.3,-0.59816
43.31,-0.655962
43.32,-0.713967
43.33,-0.77216
43.34,-0.830528
43.35,-0.889058
43.36,-0.947735
43.37,-1.00654
43.38,-1.06547
43.39,-1.1245
43.4,-1.18361
43.41,-1.24278
43.42,-1.30201
43.43,-1.36126
43.44,-1.42054
43.45,-1.4798
43.46,-1.53905
43.47,-1.59825
43.48,-1.6574
43.49,-1.71647
43.5,-1.77544
43.51,-1.8343
43.52,-1.89303
43.53,-1.9516
43.54,-2.01001
43.55,-2.06823
43.56,-2.12625
43.57,-2.18405
43.58,-2.24161
43.59,-2.29891
43.6,-2.35595
43.61,-2.4127
43.62,-2.46914
43.63,-2.52527
43.64,-2.58108
43.65,-2.63653
43.66,-2.69163
43.67,-2.74636
43.68,-2.80071
43.69,-2.85466
43.7,-2.90821
43.71,-2.96134
43.72,-3.01405
43.73,-3.06633
43.74,-3.11816
43.75,-3.16954
43.76,-3.22046
43.77,-3.27092
43.78,-3.32091
43.79,-3.37042
43.8,-3.41945
43.81,-3.468
43.82,-3.51605
43.83,-3.56362
43.84,-3.61069
43.85,-3.65726
43.86,-3.70334
43.87,-3.74892
43.88,-3.794
43.89,-3.83858
43.9,-3.88266
43.91,-3.92624
43.92,-3.96933
43.93,-4.01193
43.94,-4.05403
43.95,-4.09565
43.96,-4.13678
43.97,-4.17742
43.98,-4.21759
43.99,-4.25729
44,-4.29651
44.01,-4.33527
44.02,-4.37357
44.03,-4.41141
44.04,-4.4488
44.05,-4.48575
44.06,-4.52225
44.07,-4.55833
44.08,-4.59398
44.09,-4.6292
44.1,-4.66401
44.11,-4.69841
44.12,-4.73241
44.13,-4.76601
44.14,-4.79923
44.15,-4.83206
44.16,-4.86451
44.17,-4.8966
44.18,-4.92832
44.19,-4.95969
44.2,-4.9907
44.21,-5.02138
44.22,-5.05172
44.23,-5.08174
44.24,-5.11143
44.25,-5.14081
44.26,-5.16989
44.27,-5.19866
44.28,-5.22715
44.29,-5.25535
44.3,-5.28327
44.31,-5.31092
44.32,-5.33831
44.33,-5.36544
44.34,-5.39233
44.35,-5.41897
44.36,-5.44539
44.37,-5.47158
44.38,-5.49755
44.39,-5.52332
44.4,-5.54888
44.41,-5.57426
44.42,-5.59945
44.43,-5.62446
44.44,-5.64931
44.45,-5.674
44.46,-5.69854
44.47,-5.72295
44.48,-5.74722
44.49,-5.77136
44.5,-5.7954
44.51,-5.81933
44.52,-5.84317
44.53,-5.86693
44.54,-5.89061
44.55,-5.91422
44.56,-5.93779
44.57,-5.9613
44.58,-5.98478
44.59,-6.00824
44.6,-6.03169
44.61,-6.05512
44.62,-6.07857
44.63,-6.10203
44.64,-6.12552
44.65,-6.14904
44.66,-6.17261
44.67,-6.19623
44.68,-6.21992
44.69,-6.24369
44.7,-6.26754
44.71,-6.29148
44.72,-6.31553
44.73,-6.33969
44.74,-6.36396
44.75,-6.38837
44.76,-6.41291
44.77,-6.4376
44.78,-6.46243
44.79,-6.48743
44.8,-6.51258
44.81,-6.53791
44.82,-6.56341
44.83,-6.58908
44.84,-6.61494
44.85,-6.64099
44.86,-6.66723
44.87,-6.69365
44.88,-6.72027
44.89,-6.74708
44.9,-6.77409
44.91,-6.80128
44.92,-6.82867
44.93,-6.85625
44.94,-6.88402
44.95,-6.91196
44.96,-6.94008
44.97,-6.96838
44.98,-6.99684
44.99,-7.02546
45,-7.05423
45.01,-7.08314
45.02,-7.11218
45.03,-7.14134
45.04,-7.17061
45.05,-7.19998
45.06,-7.22944
45.07,-7.25896
45.08,-7.28854
45.09,-7.31815
45.1,-7.3478
45.11,-7.37744
45.12,-7.40708
45.13,-7.43669
45.14,-7.46624
45.15,-7.49573
45.16,-7.52513
45.17,-7.55443
45.18,-7.58359
45.19,-7.6126
45.2,-7.64143
45.21,-7.67007
45.22,-7.69849
45.23,-7.72667
45.24,-7.75459
45.25,-7.78221
45.26,-7.80953
45.27,-7.83651
45.28,-7.86314
45.29,-7.88938
45.3,-7.91523
45.31,-7.94064
45.32,-7.96561
45.33,-7.99012
45.34,-8.01413
45.35,-8.03763
45.36,-8.06059
45.37,-8.08301
45.38,-8.10486
45.39,-8.12612
45.4,-8.14677
45.41,-8.1668
45.42,-8.1862
45.43,-8.20494
45.44,-8.22302
45.45,-8.24043
45.46,-8.25714
45.47,-8.27316
45.48,-8.28847
45.49,-8.30307
45.5,-8.31696
45.51,-8.33012
45.52,-8.34255
45.53,-8.35426
45.54,-8.36524
45.55,-8.37549
45.56,-8.38502
45.57,-8.39384
45.58,-8.40195
45.59,-8.40935
45.6,-8.41606
45.61,-8.42209
45.62,-8.42745
45.63,-8.43215
45.64,-8.43622
45.65,-8.43966
45.66,-8.44251
45.67,-8.44477
45.68,-8.44648
45.69,-8.44765
45.7,-8.44831
45.71,-8.44849
45.72,-8.44822
45.73,-8.44752
45.74,-8.44642
45.75,-8.44496
45.76,-8.44318
45.77,-8.4411
45.78,-8.43875
45.79,-8.43619
45.8,-8.43344
45.81,-8.43054
45.82,-8.42752
45.83,-8.42444
45.84,-8.42133
45.85,-8.41822
45.86,-8.41517
45.87,-8.41221
45.88,-8.40938
45.89,-8.40672
45.9,-8.40428
45.91,-8.4021
45.92,-8.40022
45.93,-8.39868
45.94,-8.39752
45.95,-8.39678
45.96,-8.39651
45.97,-8.39674
45.98,-8.3975
45.99,-8.39885
46,-8.40081
46.01,-8.40343
46.02,-8.40673
46.03,-8.41076
46.04,-8.41554
46.05,-8.42111
46.06,-8.42749
46.07,-8.43472
46.08,-8.44283
46.09,-8.45183
46.1,-8.46176
46.11,-8.47263
46.12,-8.48447
46.13,-8.4973
46.14,-8.51113
46.15,-8.52599
46.16,-8.54187
46.17,-8.5588
46.18,-8.57678
46.19,-8.59583
46.2,-8.61594
46.21,-8.63712
46.22,-8.65938
46.23,-8.6827
46.24,-8.7071
46.25,-8.73256
46.26,-8.75907
46.27,-8.78664
46.28,-8.81524
46.29,-8.84487
46.3,-8.87551
46.31,-8.90714
46.32,-8.93974
46.33,-8.9733
46.34,-9.00779
46.35,-9.04319
46.36,-9.07947
46.37,-9.1166
46.38,-9.15455
46.39,-9.1933
46.4,-9.23281
46.41,-9.27304
46.42,-9.31397
46.43,-9.35555
46.44,-9.39774
46.45,-9.44052
46.46,-9.48383
46.47,-9.52764
46.48,-9.57191
46.49,-9.61659
46.5,-9.66164
46.51,-9.70702
46.52,-9.75267
46.53,-9.79856
46.54,-9.84465
46.55,-9.89088
46.56,-9.93721
46.57,-9.98359
46.58,-10.03
46.59,-10.0763
46.6,-10.1226
46.61,-10.1687
46.62,-10.2147
46.63,-10.2605
46.64,-10.306
46.65,-10.3511
46.66,-10.396
46.67,-10.4404
46.68,-10.4844
46.69,-10.528
46.7,-10.571
46.71,-10.6135
46.72,-10.6554
46.73,-10.6967
46.74,-10.7373
46.75,-10.7772
46.76,-10.8164
46.77,-10.8549
46.78,-10.8925
46.79,-10.9294
46.8,-10.9654
46.81,-11.0005
46.82,-11.0348
46.83,-11.0682
46.84,-11.1006
46.85,-11.132
46.86,-11.1625
46.87,-11.1921
46.88,-11.2206
46.89,-11.2481
46.9,-11.2746
46.91,-11.3
46.92,-11.3244
46.93,-11.3478
46.94,-11.3701
46.95,-11.3913
46.96,-11.4115
46.97,-11.4306
46.98,-11.4486
46.99,-11.4656
47,-11.4816
47.01,-11.4965
47.02,-11.5103
47.03,-11.5231
47.04,-11.5349
47.05,-11.5456
47.06,-11.5553
47.07,-11.5641
47.08,-11.5718
47.09,-11.5785
47.1,-11.5843
47.11,-11.5892
47.12,-11.5931
47.13,-11.596
47.14,-11.5981
47.15,-11.5993
47.16,-11.5996
47.17,-11.5991
47.18,-11.5977
47.19,-11.5956
47.2,-11.5926
47.21,-11.5889
47.22,-11.5844
47.23,-11.5791
47.24,-11.5732
47.25,-11.5665
47.26,-11.5592
47.27,-11.5512
47.28,-11.5426
47.29,-11.5333
47.3,-11.5235
47.31,-11.5131
47.32,-11.5021
47.33,-11.4905
47.34,-11.4785
47.35,-11.4659
47.36,-11.4528
47.37,-11.4393
47.38,-11.4253
47.39,-11.4108
47.4,-11.3959
47.41,-11.3806
47.42,-11.3649
47.43,-11.3489
47.44,-11.3324
47.45,-11.3156
47.46,-11.2984
47.47,-11.2809
47.48,-11.2631
47.49,-11.2449
47.5,-11.2264
47.51,-11.2077
47.52,-11.1886
47.53,-11.1693
47.54,-11.1497
47.55,-11.1298
47.56,-11.1096
47.57,-11.0892
47.58,-11.0685
47.59,-11.0476
47.6,-11.0264
47.61,-11.005
47.62,-10.9833
47.63,-10.9614
47.64,-10.9393
47.65,-10.9169
47.66,-10.8943
47.67,-10.8715
47.68,-10.8484
47.69,-10.8251
47.7,-10.8016
47.71,-10.7778
47.72,-10.7538
47.73,-10.7295
47.74,-10.705
47.75,-10.6803
47.76,-10.6553
47.77,-10.6301
47.78,-10.6046
47.79,-10.5789
47.8,-10.5529
47.81,-10.5267
47.82,-10.5002
47.83,-10.4735
47.84,-10.4465
47.85,-10.4192
47.86,-10.3916
47.87,-10.3638
47.88,-10.3357
47.89,-10.3073
47.9,-10.2786
47.91,-10.2497
47.92,-10.2204
47.93,-10.1909
47.94,-10.161
47.95,-10.1309
47.96,-10.1004
47.97,-10.0697
47.98,-10.0386
47.99,-10.0072
48,-9.97553
48.01,-9.9435
48.02,-9.91115
48.03,-9.87848
48.04,-9.84547
48.05,-9.81213
48.06,-9.77845
48.07,-9.74443
48.08,-9.71007
48.09,-9.67536
48.1,-9.64029
48.11,-9.60488
48.12,-9.56911
48.13,-9.53298
48.14,-9.49648
48.15,-9.45962
48.16,-9.42239
48.17,-9.38478
48.18,-9.34679
48.19,-9.30843
48.2,-9.26968
48.21,-9.23054
48.22,-9.19101
48.23,-9.15108
48.24,-9.11075
48.25,-9.07002
48.26,-9.02888
48.27,-8.98732
48.28,-8.94535
48.29,-8.90296
48.3,-8.86014
48.31,-8.81689
48.32,-8.77321
48.33,-8.72909
48.34,-8.68452
48.35,-8.6395
48.36,-8.59404
48.37,-8.54811
48.38,-8.50172
48.39,-8.45486
48.4,-8.40753
48.41,-8.35973
48.42,-8.31144
48.43,-8.26267
48.44,-8.2134
48.45,-8.16364
48.46,-8.11339
48.47,-8.06262
48.48,-8.01136
48.49,-7.95958
48.5,-7.90728
48.51,-7.85447
48.52,-7.80113
48.53,-7.74727
48.54,-7.69289
48.55,-7.63797
48.56,-7.58252
48.57,-7.52654
48.58,-7.47003
48.59,-7.41298
48.6,-7.35539
48.61,-7.29727
48.62,-7.23861
48.63,-7.17941
48.64,-7.11969
48.65,-7.05943
48.66,-6.99863
48.67,-6.93732
48.68,-6.87548
48.69,-6.81312
48.7,-6.75024
48.71,-6.68686
48.72,-6.62297
48.73,-6.55858
48.74,-6.49371
48.75,-6.42835
48.76,-6.36252
48.77,-6.29623
48.78,-6.22948
48.79,-6.16229
48.8,-6.09467
48.81,-6.02662
48.82,-5.95817
48.83,-5.88933
48.84,-5.82011
48.85,-5.75052
48.86,-5.68059
48.87,-5.61032
48.88,-5.53973
48.89,-5.46885
48.9,-5.39769
48.91,-5.32627
48.92,-5.25461
48.93,-5.18273
48.94,-5.11064
48.95,-5.03838
48.96,-4.96596
48.97,-4.89341
48.98,-4.82074
48.99,-4.74799
49,-4.67517
49.01,-4.60231
49.02,-4.52944
49.03,-4.45657
49.04,-4.38374
49.05,-4.31097
49.06,-4.23828
49.07,-4.1657
49.08,-4.09326
49.09,-4.02098
49.1,-3.94889
49.11,-3.87701
49.12,-3.80538
49.13,-3.73401
49.14,-3.66293
49.15,-3.59217
49.16,-3.52175
49.17,-3.4517
49.18,-3.38204
49.19,-3.3128
49.2,-3.24401
49.21,-3.17567
49.22,-3.10783
49.23,-3.0405
49.24,-2.9737
49.25,-2.90746
49.26,-2.84179
49.27,-2.77672
49.28,-2.71226
49.29,-2.64844
49.3,-2.58527
49.31,-2.52277
49.32,-2.46096
49.33,-2.39985
49.34,-2.33945
49.35,-2.27978
49.36,-2.22086
49.37,-2.16268
49.38,-2.10527
49.39,-2.04864
49.4,-1.99278
49.41,-1.93771
49.42,-1.88343
49.43,-1.82996
49.44,-1.77729
49.45,-1.72542
49.46,-1.67436
49.47,-1.62411
49.48,-1.57466
49.49,-1.52602
49.5,-1.47818
49.51,-1.43113
49.52,-1.38488
49.53,-1.33941
49.54,-1.29472
49.55,-1.2508
49.56,-1.20764
49.57,-1.16523
49.58,-1.12355
49.59,-1.08259
49.6,-1.04234
49.61,-1.00278
49.62,-0.963906
49.63,-0.925688
49.64,-0.888112
49.65,-0.85116
49.66,-0.814813
49.67,-0.779049
49.68,-0.743848
49.69,-0.709188
49.7,-0.675047
49.71,-0.641402
49.72,-0.608229
49.73,-0.575504
49.74,-0.543202
49.75,-0.511299
49.76,-0.479769
49.77,-0.448587
49.78,-0.417726
49.79,-0.38716
49.8,-0.356863
49.81,-0.326808
49.82,-0.296969
49.83,-0.267319
49.84,-0.237832
49.85,-0.208481
49.86,-0.179239
49.87,-0.150081
49.88,-0.120981
49.89,-0.0919118
49.9,-0.0628494
49.91,-0.0337684
49.92,-0.0046442
49.93,0.0245473
49.94,0.0538298
49.95,0.0832263
49.96,0.112759
49.97,0.142451
49.98,0.172322
49.99,0.202393
50,0.232684
