dt,U_dN
0,12
0.01,11.9993
0.02,11.998
0.03,11.996
0.04,11.9934
0.05,11.9901
0.06,11.9861
0.07,11.9815
0.08,11.9763
0.09,11.9704
0.1,11.9638
0.11,11.9566
0.12,11.9488
0.13,11.9403
0.14,11.9312
0.15,11.9215
0.16,11.9112
0.17,11.9002
0.18,11.8887
0.19,11.8765
0.2,11.8638
0.21,11.8505
0.22,11.8366
0.23,11.8221
0.24,11.8071
0.25,11.7915
0.26,11.7754
0.27,11.7588
0.28,11.7416
0.29,11.7239
0.3,11.7057
0.31,11.687
0.32,11.6679
0.33,11.6482
0.34,11.6281
0.35,11.6075
0.36,11.5865
0.37,11.565
0.38,11.5431
0.39,11.5208
0.4,11.4981
0.41,11.475
0.42,11.4515
0.43,11.4276
0.44,11.4034
0.45,11.3789
0.46,11.3539
0.47,11.3287
0.48,11.3031
0.49,11.2773
0.5,11.2511
0.51,11.2247
0.52,11.1979
0.53,11.171
0.54,11.1437
0.55,11.1162
0.56,11.0885
0.57,11.0606
0.58,11.0324
0.59,11.0041
0.6,10.9755
0.61,10.9468
0.62,10.9179
0.63,10.8888
0.64,10.8596
0.65,10.8303
0.66,10.8008
0.67,10.7711
0.68,10.7414
0.69,10.7116
0.7,10.6816
0.71,10.6516
0.72,10.6215
0.73,10.5913
0.74,10.561
0.75,10.5307
0.76,10.5003
0.77,10.4699
0.78,10.4394
0.79,10.4089
0.8,10.3784
0.81,10.3479
0.82,10.3173
0.83,10.2868
0.84,10.2563
0.85,10.2257
0.86,10.1952
0.87,10.1647
0.88,10.1343
0.89,10.1038
0.9,10.0734
0.91,10.0431
0.92,10.0128
0.93,9.9825
0.94,9.9523
0.95,9.92217
0.96,9.8921
0.97,9.86211
0.98,9.83219
0.99,9.80235
1,9.7726
1.01,9.74293
1.02,9.71336
1.03,9.68389
1.04,9.65451
1.05,9.62524
1.06,9.59608
1.07,9.56703
1.08,9.5381
1.09,9.50928
1.1,9.48058
1.11,9.45201
1.12,9.42357
1.13,9.39526
1.14,9.36708
1.15,9.33904
1.16,9.31114
1.17,9.28338
1.18,9.25577
1.19,9.22831
1.2,9.20099
1.21,9.17383
1.22,9.14682
1.23,9.11997
1.24,9.09329
1.25,9.06676
1.26,9.0404
1.27,9.0142
1.28,8.98817
1.29,8.96231
1.3,8.93663
1.31,8.91111
1.32,8.88577
1.33,8.86061
1.34,8.83563
1.35,8.81083
1.36,8.7862
1.37,8.76176
1.38,8.7375
1.39,8.71343
1.4,8.68954
1.41,8.66584
1.42,8.64232
1.43,8.61899
1.44,8.59585
1.45,8.5729
1.46,8.55013
1.47,8.52755
1.48,8.50516
1.49,8.48296
1.5,8.46094
1.51,8.43912
1.52,8.41748
1.53,8.39602
1.54,8.37475
1.55,8.35367
1.56,8.33276
1.57,8.31204
1.58,8.2915
1.59,8.27114
1.6,8.25096
1.61,8.23095
1.62,8.21112
1.63,8.19146
1.64,8.17197
1.65,8.15264
1.66,8.13348
1.67,8.11449
1.68,8.09565
1.69,8.07697
1.7,8.05844
1.71,8.04006
1.72,8.02183
1.73,8.00375
1.74,7.9858
1.75,7.96799
1.76,7.95031
1.77,7.93277
1.78,7.91534
1.79,7.89804
1.8,7.88085
1.81,7.86378
1.82,7.84681
1.83,7.82995
1.84,7.81318
1.85,7.79651
1.86,7.77993
1.87,7.76343
1.88,7.74701
1.89,7.73067
1.9,7.7144
1.91,7.69819
1.92,7.68203
1.93,7.66594
1.94,7.64989
1.95,7.63388
1.96,7.61791
1.97,7.60198
1.98,7.58607
1.99,7.57018
2,7.55431
2.01,7.53846
2.02,7.5226
2.03,7.50675
2.04,7.4909
2.05,7.47503
2.06,7.45915
2.07,7.44325
2.08,7.42733
2.09,7.41138
2.1,7.39539
2.11,7.37936
2.12,7.36328
2.13,7.34716
2.14,7.33098
2.15,7.31474
2.16,7.29844
2.17,7.28207
2.18,7.26563
2.19,7.24911
2.2,7.23251
2.21,7.21583
2.22,7.19906
2.23,7.18219
2.24,7.16523
2.25,7.14818
2.26,7.13101
2.27,7.11374
2.28,7.09637
2.29,7.07888
2.3,7.06127
2.31,7.04355
2.32,7.0257
2.33,7.00773
2.34,6.98964
2.35,6.97142
2.36,6.95307
2.37,6.93459
2.38,6.91598
2.39,6.89723
2.4,6.87834
2.41,6.85932
2.42,6.84016
2.43,6.82086
2.44,6.80142
2.45,6.78184
2.46,6.76212
2.47,6.74225
2.48,6.72225
2.49,6.7021
2.5,6.68181
2.51,6.66138
2.52,6.64081
2.53,6.62009
2.54,6.59924
2.55,6.57825
2.56,6.55711
2.57,6.53585
2.58,6.51444
2.59,6.4929
2.6,6.47123
2.61,6.44942
2.62,6.42749
2.63,6.40543
2.64,6.38324
2.65,6.36092
2.66,6.33849
2.67,6.31593
2.68,6.29326
2.69,6.27047
2.7,6.24757
2.71,6.22456
2.72,6.20145
2.73,6.17823
2.74,6.15491
2.75,6.13149
2.76,6.10797
2.77,6.08437
2.78,6.06068
2.79,6.0369
2.8,6.01305
2.81,5.98911
2.82,5.9651
2.83,5.94103
2.84,5.91688
2.85,5.89268
2.86,5.86841
2.87,5.8441
2.88,5.81973
2.89,5.79531
2.9,5.77086
2.91,5.74637
2.92,5.72184
2.93,5.69728
2.94,5.6727
2.95,5.6481
2.96,5.62348
2.97,5.59885
2.98,5.57421
2.99,5.54957
3,5.52494
3.01,5.5003
3.02,5.47568
3.03,5.45107
3.04,5.42648
3.05,5.40192
3.06,5.37738
3.07,5.35288
3.08,5.32841
3.09,5.30398
3.1,5.2796
3.11,5.25527
3.12,5.231
3.13,5.20678
3.14,5.18262
3.15,5.15854
3.16,5.13452
3.17,5.11058
3.18,5.08672
3.19,5.06294
3.2,5.03924
3.21,5.01564
3.22,4.99214
3.23,4.96873
3.24,4.94542
3.25,4.92222
3.26,4.89913
3.27,4.87614
3.28,4.85328
3.29,4.83053
3.3,4.80791
3.31,4.7854
3.32,4.76303
3.33,4.74078
3.34,4.71867
3.35,4.69669
3.36,4.67485
3.37,4.65315
3.38,4.63159
3.39,4.61017
3.4,4.58889
3.41,4.56777
3.42,4.54679
3.43,4.52596
3.44,4.50528
3.45,4.48475
3.46,4.46437
3.47,4.44415
3.48,4.42408
3.49,4.40416
3.5,4.3844
3.51,4.36479
3.52,4.34533
3.53,4.32603
3.54,4.30689
3.55,4.2879
3.56,4.26906
3.57,4.25037
3.58,4.23183
3.59,4.21344
3.6,4.1952
3.61,4.17711
3.62,4.15916
3.63,4.14136
3.64,4.12369
3.65,4.10617
3.66,4.08879
3.67,4.07154
3.68,4.05442
3.69,4.03744
3.7,4.02058
3.71,4.00385
3.72,3.98724
3.73,3.97075
3.74,3.95437
3.75,3.93811
3.76,3.92196
3.77,3.90592
3.78,3.88998
3.79,3.87414
3.8,3.85839
3.81,3.84274
3.82,3.82717
3.83,3.8117
3.84,3.7963
3.85,3.78098
3.86,3.76573
3.87,3.75055
3.88,3.73544
3.89,3.72039
3.9,3.70539
3.91,3.69045
3.92,3.67556
3.93,3.66071
3.94,3.64591
3.95,3.63114
3.96,3.6164
3.97,3.6017
3.98,3.58701
3.99,3.57235
4,3.55771
4.01,3.54308
4.02,3.52846
4.03,3.51385
4.04,3.49924
4.05,3.48462
4.06,3.47
4.07,3.45537
4.08,3.44073
4.09,3.42608
4.1,3.4114
4.11,3.39671
4.12,3.38198
4.13,3.36723
4.14,3.35245
4.15,3.33763
4.16,3.32277
4.17,3.30787
4.18,3.29293
4.19,3.27795
4.2,3.26291
4.21,3.24783
4.22,3.23269
4.23,3.2175
4.24,3.20224
4.25,3.18693
4.26,3.17156
4.27,3.15612
4.28,3.14062
4.29,3.12505
4.3,3.1094
4.31,3.09369
4.32,3.07791
4.33,3.06205
4.34,3.04611
4.35,3.0301
4.36,3.014
4.37,2.99783
4.38,2.98158
4.39,2.96524
4.4,2.94882
4.41,2.93232
4.42,2.91572
4.43,2.89904
4.44,2.88228
4.45,2.86542
4.46,2.84847
4.47,2.83143
4.48,2.8143
4.49,2.79708
4.5,2.77976
4.51,2.76234
4.52,2.74483
4.53,2.72722
4.54,2.70951
4.55,2.69171
4.56,2.6738
4.57,2.65579
4.58,2.63768
4.59,2.61947
4.6,2.60115
4.61,2.58272
4.62,2.56419
4.63,2.54555
4.64,2.52681
4.65,2.50795
4.66,2.48898
4.67,2.4699
4.68,2.4507
4.69,2.43139
4.7,2.41196
4.71,2.39242
4.72,2.37275
4.73,2.35297
4.74,2.33306
4.75,2.31303
4.76,2.29288
4.77,2.2726
4.78,2.25219
4.79,2.23165
4.8,2.21099
4.81,2.19019
4.82,2.16925
4.83,2.14819
4.84,2.12698
4.85,2.10564
4.86,2.08416
4.87,2.06254
4.88,2.04077
4.89,2.01887
4.9,1.99682
4.91,1.97462
4.92,1.95228
4.93,1.92979
4.94,1.90715
4.95,1.88435
4.96,1.86141
4.97,1.83832
4.98,1.81507
4.99,1.79167
5,1.76812
5.01,1.74441
5.02,1.72055
5.03,1.69653
5.04,1.67235
5.05,1.64802
5.06,1.62353
5.07,1.59889
5.08,1.57409
5.09,1.54914
5.1,1.52403
5.11,1.49877
5.12,1.47335
5.13,1.44779
5.14,1.42207
5.15,1.3962
5.16,1.37018
5.17,1.34402
5.18,1.31771
5.19,1.29126
5.2,1.26466
5.21,1.23793
5.22,1.21105
5.23,1.18405
5.24,1.15691
5.25,1.12964
5.26,1.10224
5.27,1.07472
5.28,1.04708
5.29,1.01933
5.3,0.991455
5.31,0.963474
5.32,0.935386
5.33,0.907195
5.34,0.878905
5.35,0.850521
5.36,0.822046
5.37,0.793486
5.38,0.764843
5.39,0.736123
5.4,0.70733
5.41,0.67847
5.42,0.649546
5.43,0.620564
5.44,0.591528
5.45,0.562443
5.46,0.533315
5.47,0.504149
5.48,0.474949
5.49,0.44572
5.5,0.416468
5.51,0.387198
5.52,0.357915
5.53,0.328624
5.54,0.299329
5.55,0.270037
5.56,0.240752
5.57,0.211479
5.58,0.182223
5.59,0.152989
5.6,0.123782
5.61,0.0946056
5.62,0.0654655
5.63,0.0363659
5.64,0.00731117
5.65,-0.0216943
5.66,-0.0506462
5.67,-0.0795406
5.68,-0.108374
5.69,-0.137141
5.7,-0.16584
5.71,-0.194466
5.72,-0.223016
5.73,-0.251487
5.74,-0.279876
5.75,-0.30818
5.76,-0.336396
5.77,-0.364521
5.78,-0.392555
5.79,-0.420493
5.8,-0.448334
5.81,-0.476077
5.82,-0.50372
5.83,-0.531261
5.84,-0.558699
5.85,-0.586034
5.86,-0.613263
5.87,-0.640388
5.88,-0.667406
5.89,-0.694319
5.9,-0.721125
5.91,-0.747825
5.92,-0.77442
5.93,-0.800909
5.94,-0.827294
5.95,-0.853575
5.96,-0.879754
5.97,-0.90583
5.98,-0.931807
5.99,-0.957685
6,-0.983466
6.01,-1.00915
6.02,-1.03474
6.03,-1.06024
6.04,-1.08566
6.05,-1.11098
6.06,-1.13622
6.07,-1.16138
6.08,-1.18646
6.09,-1.21146
6.1,-1.23639
6.11,-1.26125
6.12,-1.28605
6.13,-1.31077
6.14,-1.33544
6.15,-1.36004
6.16,-1.3846
6.17,-1.4091
6.18,-1.43355
6.19,-1.45795
6.2,-1.48231
6.21,-1.50663
6.22,-1.53092
6.23,-1.55518
6.24,-1.5794
6.25,-1.6036
6.26,-1.62777
6.27,-1.65192
6.28,-1.67606
6.29,-1.70018
6.3,-1.72429
6.31,-1.74839
6.32,-1.77249
6.33,-1.79658
6.34,-1.82067
6.35,-1.84476
6.36,-1.86885
6.37,-1.89295
6.38,-1.91706
6.39,-1.94118
6.4,-1.96531
6.41,-1.98945
6.42,-2.01361
6.43,-2.03779
6.44,-2.06198
6.45,-2.08619
6.46,-2.11043
6.47,-2.13468
6.48,-2.15895
6.49,-2.18325
6.5,-2.20757
6.51,-2.23192
6.52,-2.25629
6.53,-2.28068
6.54,-2.3051
6.55,-2.32954
6.56,-2.35401
6.57,-2.3785
6.58,-2.40301
6.59,-2.42754
6.6,-2.4521
6.61,-2.47667
6.62,-2.50127
6.63,-2.52588
6.64,-2.55051
6.65,-2.57516
6.66,-2.59982
6.67,-2.6245
6.68,-2.64918
6.69,-2.67388
6.7,-2.69859
6.71,-2.7233
6.72,-2.74801
6.73,-2.77273
6.74,-2.79745
6.75,-2.82217
6.76,-2.84688
6.77,-2.87159
6.78,-2.89629
6.79,-2.92098
6.8,-2.94566
6.81,-2.97032
6.82,-2.99496
6.83,-3.01959
6.84,-3.04419
6.85,-3.06878
6.86,-3.09333
6.87,-3.11785
6.88,-3.14235
6.89,-3.16681
6.9,-3.19123
6.91,-3.21562
6.92,-3.23996
6.93,-3.26427
6.94,-3.28853
6.95,-3.31274
6.96,-3.3369
6.97,-3.36101
6.98,-3.38507
6.99,-3.40908
7,-3.43302
7.01,-3.45691
7.02,-3.48074
7.03,-3.5045
7.04,-3.5282
7.05,-3.55183
7.06,-3.5754
7.07,-3.59889
7.08,-3.62232
7.09,-3.64567
7.1,-3.66895
7.11,-3.69216
7.12,-3.71529
7.13,-3.73834
7.14,-3.76131
7.15,-3.7842
7.16,-3.80701
7.17,-3.82974
7.18,-3.85239
7.19,-3.87495
7.2,-3.89743
7.21,-3.91982
7.22,-3.94213
7.23,-3.96435
7.24,-3.98648
7.25,-4.00853
7.26,-4.03049
7.27,-4.05235
7.28,-4.07413
7.29,-4.09582
7.3,-4.11742
7.31,-4.13893
7.32,-4.16034
7.33,-4.18167
7.34,-4.2029
7.35,-4.22404
7.36,-4.24509
7.37,-4.26605
7.38,-4.28692
7.39,-4.30769
7.4,-4.32837
7.41,-4.34895
7.42,-4.36945
7.43,-4.38984
7.44,-4.41015
7.45,-4.43036
7.46,-4.45048
7.47,-4.47051
7.48,-4.49044
7.49,-4.51027
7.5,-4.53002
7.51,-4.54967
7.52,-4.56922
7.53,-4.58868
7.54,-4.60805
7.55,-4.62732
7.56,-4.64649
7.57,-4.66557
7.58,-4.68456
7.59,-4.70345
7.6,-4.72224
7.61,-4.74094
7.62,-4.75954
7.63,-4.77805
7.64,-4.79646
7.65,-4.81478
7.66,-4.833
7.67,-4.85112
7.68,-4.86915
7.69,-4.88707
7.7,-4.90491
7.71,-4.92264
7.72,-4.94028
7.73,-4.95782
7.74,-4.97526
7.75,-4.9926
7.76,-5.00985
7.77,-5.02699
7.78,-5.04404
7.79,-5.06099
7.8,-5.07784
7.81,-5.09459
7.82,-5.11125
7.83,-5.1278
7.84,-5.14426
7.85,-5.16061
7.86,-5.17687
7.87,-5.19303
7.88,-5.20908
7.89,-5.22504
7.9,-5.2409
7.91,-5.25666
7.92,-5.27232
7.93,-5.28789
7.94,-5.30335
7.95,-5.31872
7.96,-5.33398
7.97,-5.34915
7.98,-5.36422
7.99,-5.3792
8,-5.39407
8.01,-5.40885
8.02,-5.42353
8.03,-5.43812
8.04,-5.45261
8.05,-5.467
8.06,-5.4813
8.07,-5.49551
8.08,-5.50962
8.09,-5.52364
8.1,-5.53757
8.11,-5.55141
8.12,-5.56516
8.13,-5.57881
8.14,-5.59238
8.15,-5.60586
8.16,-5.61925
8.17,-5.63256
8.18,-5.64578
8.19,-5.65892
8.2,-5.67198
8.21,-5.68495
8.22,-5.69784
8.23,-5.71066
8.24,-5.72339
8.25,-5.73605
8.26,-5.74864
8.27,-5.76115
8.28,-5.77359
8.29,-5.78595
8.3,-5.79825
8.31,-5.81048
8.32,-5.82265
8.33,-5.83475
8.34,-5.84679
8.35,-5.85877
8.36,-5.87069
8.37,-5.88255
8.38,-5.89436
8.39,-5.90612
8.4,-5.91782
8.41,-5.92948
8.42,-5.94109
8.43,-5.95266
8.44,-5.96418
8.45,-5.97567
8.46,-5.98712
8.47,-5.99853
8.48,-6.00991
8.49,-6.02126
8.5,-6.03259
8.51,-6.04389
8.52,-6.05517
8.53,-6.06643
8.54,-6.07768
8.55,-6.08891
8.56,-6.10014
8.57,-6.11135
8.58,-6.12257
8.59,-6.13378
8.6,-6.14499
8.61,-6.15621
8.62,-6.16744
8.63,-6.17869
8.64,-6.18995
8.65,-6.20123
8.66,-6.21253
8.67,-6.22386
8.68,-6.23522
8.69,-6.24661
8.7,-6.25804
8.71,-6.26951
8.72,-6.28103
8.73,-6.2926
8.74,-6.30422
8.75,-6.3159
8.76,-6.32765
8.77,-6.33945
8.78,-6.35133
8.79,-6.36328
8.8,-6.37531
8.81,-6.38742
8.82,-6.39962
8.83,-6.41191
8.84,-6.4243
8.85,-6.43678
8.86,-6.44937
8.87,-6.46207
8.88,-6.47488
8.89,-6.4878
8.9,-6.50085
8.91,-6.51402
8.92,-6.52733
8.93,-6.54076
8.94,-6.55434
8.95,-6.56806
8.96,-6.58193
8.97,-6.59594
8.98,-6.61012
8.99,-6.62445
9,-6.63894
9.01,-6.65361
9.02,-6.66844
9.03,-6.68345
9.04,-6.69864
9.05,-6.71401
9.06,-6.72957
9.07,-6.74531
9.08,-6.76125
9.09,-6.77739
9.1,-6.79373
9.11,-6.81027
9.12,-6.82701
9.13,-6.84396
9.14,-6.86113
9.15,-6.8785
9.16,-6.8961
9.17,-6.91391
9.18,-6.93194
9.19,-6.9502
9.2,-6.96868
9.21,-6.98739
9.22,-7.00632
9.23,-7.02548
9.24,-7.04487
9.25,-7.0645
9.26,-7.08435
9.27,-7.10444
9.28,-7.12476
9.29,-7.14531
9.3,-7.16609
9.31,-7.18711
9.32,-7.20836
9.33,-7.22985
9.34,-7.25156
9.35,-7.2735
9.36,-7.29568
9.37,-7.31808
9.38,-7.34071
9.39,-7.36356
9.4,-7.38663
9.41,-7.40993
9.42,-7.43344
9.43,-7.45717
9.44,-7.48111
9.45,-7.50527
9.46,-7.52963
9.47,-7.55419
9.48,-7.57896
9.49,-7.60393
9.5,-7.62908
9.51,-7.65443
9.52,-7.67997
9.53,-7.70569
9.54,-7.73158
9.55,-7.75765
9.56,-7.78389
9.57,-7.81029
9.58,-7.83685
9.59,-7.86357
9.6,-7.89044
9.61,-7.91745
9.62,-7.9446
9.63,-7.97189
9.64,-7.99931
9.65,-8.02685
9.66,-8.05451
9.67,-8.08228
9.68,-8.11016
9.69,-8.13815
9.7,-8.16623
9.71,-8.19441
9.72,-8.22266
9.73,-8.25101
9.74,-8.27942
9.75,-8.30791
9.76,-8.33645
9.77,-8.36506
9.78,-8.39372
9.79,-8.42243
9.8,-8.45118
9.81,-8.47997
9.82,-8.50879
9.83,-8.53764
9.84,-8.56651
9.85,-8.59539
9.86,-8.62429
9.87,-8.65319
9.88,-8.6821
9.89,-8.711
9.9,-8.7399
9.91,-8.76878
9.92,-8.79765
9.93,-8.82649
9.94,-8.85532
9.95,-8.88411
9.96,-8.91287
9.97,-8.9416
9.98,-8.97028
9.99,-8.99892
10,-9.02751
10.01,-9.05606
10.02,-9.08455
10.03,-9.11298
10.04,-9.14135
10.05,-9.16966
10.06,-9.1979
10.07,-9.22607
10.08,-9.25417
10.09,-9.2822
10.1,-9.31016
10.11,-9.33803
10.12,-9.36582
10.13,-9.39353
10.14,-9.42116
10.15,-9.44869
10.16,-9.47614
10.17,-9.5035
10.18,-9.53077
10.19,-9.55794
10.2,-9.58501
10.21,-9.61199
10.22,-9.63887
10.23,-9.66564
10.24,-9.69232
10.25,-9.71889
10.26,-9.74535
10.27,-9.77171
10.28,-9.79796
10.29,-9.8241
10.3,-9.85013
10.31,-9.87605
10.32,-9.90185
10.33,-9.92754
10.34,-9.95311
10.35,-9.97856
10.36,-10.0039
10.37,-10.0291
10.38,-10.0542
10.39,-10.0791
10.4,-10.104
10.41,-10.1287
10.42,-10.1532
10.43,-10.1777
10.44,-10.202
10.45,-10.2262
10.46,-10.2502
10.47,-10.2741
10.48,-10.2978
10.49,-10.3214
10.5,-10.3449
10.51,-10.3681
10.52,-10.3913
10.53,-10.4143
10.54,-10.4371
10.55,-10.4598
10.56,-10.4823
10.57,-10.5046
10.58,-10.5268
10.59,-10.5487
10.6,-10.5706
10.61,-10.5922
10.62,-10.6136
10.63,-10.6349
10.64,-10.656
10.65,-10.6768
10.66,-10.6975
10.67,-10.718
10.68,-10.7382
10.69,-10.7583
10.7,-10.7782
10.71,-10.7978
10.72,-10.8172
10.73,-10.8364
10.74,-10.8554
10.75,-10.8741
10.76,-10.8926
10.77,-10.9109
10.78,-10.9289
10.79,-10.9467
10.8,-10.9642
10.81,-10.9815
10.82,-10.9985
10.83,-11.0152
10.84,-11.0317
10.85,-11.048
10.86,-11.0639
10.87,-11.0796
10.88,-11.0951
10.89,-11.1102
10.9,-11.1251
10.91,-11.1396
10.92,-11.1539
10.93,-11.1679
10.94,-11.1816
10.95,-11.1951
10.96,-11.2082
10.97,-11.221
10.98,-11.2335
10.99,-11.2458
11,-11.2577
11.01,-11.2693
11.02,-11.2806
11.03,-11.2916
11.04,-11.3023
11.05,-11.3127
11.06,-11.3228
11.07,-11.3326
11.08,-11.342
11.09,-11.3512
11.1,-11.36
11.11,-11.3685
11.12,-11.3767
11.13,-11.3847
11.14,-11.3922
11.15,-11.3995
11.16,-11.4065
11.17,-11.4132
11.18,-11.4195
11.19,-11.4256
11.2,-11.4313
11.21,-11.4368
11.22,-11.4419
11.23,-11.4467
11.24,-11.4513
11.25,-11.4555
11.26,-11.4595
11.27,-11.4631
11.28,-11.4665
11.29,-11.4695
11.3,-11.4723
11.31,-11.4748
11.32,-11.477
11.33,-11.4789
11.34,-11.4806
11.35,-11.4819
11.36,-11.483
11.37,-11.4838
11.38,-11.4844
11.39,-11.4846
11.4,-11.4847
11.41,-11.4844
11.42,-11.4839
11.43,-11.4831
11.44,-11.482
11.45,-11.4807
11.46,-11.4792
11.47,-11.4774
11.48,-11.4753
11.49,-11.473
11.5,-11.4704
11.51,-11.4676
11.52,-11.4646
11.53,-11.4613
11.54,-11.4578
11.55,-11.454
11.56,-11.45
11.57,-11.4457
11.58,-11.4412
11.59,-11.4365
11.6,-11.4315
11.61,-11.4263
11.62,-11.4209
11.63,-11.4152
11.64,-11.4093
11.65,-11.4032
11.66,-11.3968
11.67,-11.3902
11.68,-11.3834
11.69,-11.3763
11.7,-11.369
11.71,-11.3615
11.72,-11.3537
11.73,-11.3457
11.74,-11.3375
11.75,-11.329
11.76,-11.3203
11.77,-11.3113
11.78,-11.3021
11.79,-11.2927
11.8,-11.283
11.81,-11.2731
11.82,-11.2629
11.83,-11.2525
11.84,-11.2419
11.85,-11.2309
11.86,-11.2198
11.87,-11.2084
11.88,-11.1967
11.89,-11.1848
11.9,-11.1727
11.91,-11.1603
11.92,-11.1476
11.93,-11.1347
11.94,-11.1215
11.95,-11.108
11.96,-11.0943
11.97,-11.0804
11.98,-11.0661
11.99,-11.0516
12,-11.0369
12.01,-11.0219
12.02,-11.0066
12.03,-10.991
12.04,-10.9752
12.05,-10.9592
12.06,-10.9428
12.07,-10.9262
12.08,-10.9093
12.09,-10.8922
12.1,-10.8748
12.11,-10.8571
12.12,-10.8392
12.13,-10.821
12.14,-10.8025
12.15,-10.7838
12.16,-10.7648
12.17,-10.7456
12.18,-10.7261
12.19,-10.7063
12.2,-10.6863
12.21,-10.6661
12.22,-10.6456
12.23,-10.6249
12.24,-10.6039
12.25,-10.5826
12.26,-10.5612
12.27,-10.5395
12.28,-10.5175
12.29,-10.4954
12.3,-10.473
12.31,-10.4504
12.32,-10.4275
12.33,-10.4045
12.34,-10.3812
12.35,-10.3578
12.36,-10.3341
12.37,-10.3102
12.38,-10.2862
12.39,-10.2619
12.4,-10.2375
12.41,-10.2129
12.42,-10.1881
12.43,-10.1631
12.44,-10.1379
12.45,-10.1126
12.46,-10.0872
12.47,-10.0615
12.48,-10.0357
12.49,-10.0098
12.5,-9.98374
12.51,-9.95753
12.52,-9.93118
12.53,-9.90471
12.54,-9.87811
12.55,-9.85139
12.56,-9.82455
12.57,-9.7976
12.58,-9.77054
12.59,-9.74338
12.6,-9.71611
12.61,-9.68875
12.62,-9.6613
12.63,-9.63376
12.64,-9.60613
12.65,-9.57843
12.66,-9.55064
12.67,-9.52278
12.68,-9.49485
12.69,-9.46684
12.7,-9.43878
12.71,-9.41064
12.72,-9.38245
12.73,-9.3542
12.74,-9.3259
12.75,-9.29754
12.76,-9.26913
12.77,-9.24067
12.78,-9.21217
12.79,-9.18362
12.8,-9.15503
12.81,-9.12639
12.82,-9.09771
12.83,-9.069
12.84,-9.04024
12.85,-9.01145
12.86,-8.98262
12.87,-8.95375
12.88,-8.92485
12.89,-8.89592
12.9,-8.86695
12.91,-8.83795
12.92,-8.80891
12.93,-8.77984
12.94,-8.75074
12.95,-8.72161
12.96,-8.69244
12.97,-8.66323
12.98,-8.634
12.99,-8.60473
13,-8.57543
13.01,-8.54609
13.02,-8.51672
13.03,-8.48732
13.04,-8.45788
13.05,-8.4284
13.06,-8.39889
13.07,-8.36934
13.08,-8.33976
13.09,-8.31014
13.1,-8.28049
13.11,-8.2508
13.12,-8.22107
13.13,-8.1913
13.14,-8.1615
13.15,-8.13166
13.16,-8.10178
13.17,-8.07187
13.18,-8.04192
13.19,-8.01193
13.2,-7.98191
13.21,-7.95185
13.22,-7.92176
13.23,-7.89163
13.24,-7.86147
13.25,-7.83128
13.26,-7.80106
13.27,-7.77081
13.28,-7.74053
13.29,-7.71022
13.3,-7.67988
13.31,-7.64952
13.32,-7.61914
13.33,-7.58874
13.34,-7.55832
13.35,-7.52789
13.36,-7.49744
13.37,-7.46697
13.38,-7.4365
13.39,-7.40603
13.4,-7.37555
13.41,-7.34507
13.42,-7.31459
13.43,-7.28411
13.44,-7.25365
13.45,-7.2232
13.46,-7.19276
13.47,-7.16234
13.48,-7.13195
13.49,-7.10158
13.5,-7.07125
13.51,-7.04095
13.52,-7.01068
13.53,-6.98046
13.54,-6.95029
13.55,-6.92017
13.56,-6.8901
13.57,-6.8601
13.58,-6.83016
13.59,-6.80028
13.6,-6.77049
13.61,-6.74077
13.62,-6.71113
13.63,-6.68158
13.64,-6.65212
13.65,-6.62276
13.66,-6.5935
13.67,-6.56434
13.68,-6.5353
13.69,-6.50637
13.7,-6.47756
13.71,-6.44887
13.72,-6.42031
13.73,-6.39189
13.74,-6.3636
13.75,-6.33546
13.76,-6.30746
13.77,-6.27961
13.78,-6.25191
13.79,-6.22438
13.8,-6.19701
13.81,-6.1698
13.82,-6.14277
13.83,-6.1159
13.84,-6.08922
13.85,-6.06272
13.86,-6.0364
13.87,-6.01027
13.88,-5.98434
13.89,-5.95859
13.9,-5.93305
13.91,-5.9077
13.92,-5.88256
13.93,-5.85763
13.94,-5.8329
13.95,-5.80838
13.96,-5.78408
13.97,-5.75999
13.98,-5.73612
13.99,-5.71246
14,-5.68903
14.01,-5.66582
14.02,-5.64283
14.03,-5.62007
14.04,-5.59753
14.05,-5.57522
14.06,-5.55314
14.07,-5.53128
14.08,-5.50966
14.09,-5.48826
14.1,-5.46709
14.11,-5.44615
14.12,-5.42544
14.13,-5.40496
14.14,-5.38471
14.15,-5.36468
14.16,-5.34489
14.17,-5.32532
14.18,-5.30598
14.19,-5.28686
14.2,-5.26796
14.21,-5.24929
14.22,-5.23084
14.23,-5.21261
14.24,-5.19459
14.25,-5.17679
14.26,-5.15921
14.27,-5.14183
14.28,-5.12467
14.29,-5.10771
14.3,-5.09096
14.31,-5.0744
14.32,-5.05805
14.33,-5.0419
14.34,-5.02593
14.35,-5.01016
14.36,-4.99457
14.37,-4.97917
14.38,-4.96394
14.39,-4.94889
14.4,-4.93402
14.41,-4.91931
14.42,-4.90476
14.43,-4.89038
14.44,-4.87615
14.45,-4.86208
14.46,-4.84815
14.47,-4.83437
14.48,-4.82072
14.49,-4.80721
14.5,-4.79383
14.51,-4.78057
14.52,-4.76743
14.53,-4.7544
14.54,-4.74148
14.55,-4.72867
14.56,-4.71595
14.57,-4.70333
14.58,-4.69079
14.59,-4.67834
14.6,-4.66596
14.61,-4.65365
14.62,-4.64141
14.63,-4.62922
14.64,-4.61709
14.65,-4.605
14.66,-4.59296
14.67,-4.58095
14.68,-4.56897
14.69,-4.55701
14.7,-4.54506
14.71,-4.53313
14.72,-4.5212
14.73,-4.50927
14.74,-4.49732
14.75,-4.48537
14.76,-4.47339
14.77,-4.46138
14.78,-4.44934
14.79,-4.43726
14.8,-4.42513
14.81,-4.41295
14.82,-4.40071
14.83,-4.38841
14.84,-4.37603
14.85,-4.36357
14.86,-4.35104
14.87,-4.33841
14.88,-4.32569
14.89,-4.31286
14.9,-4.29993
14.91,-4.28689
14.92,-4.27372
14.93,-4.26044
14.94,-4.24702
14.95,-4.23347
14.96,-4.21978
14.97,-4.20595
14.98,-4.19197
14.99,-4.17783
15,-4.16353
15.01,-4.14907
15.02,-4.13445
15.03,-4.11965
15.04,-4.10467
15.05,-4.08952
15.06,-4.07418
15.07,-4.05866
15.08,-4.04295
15.09,-4.02704
15.1,-4.01094
15.11,-3.99465
15.12,-3.97815
15.13,-3.96145
15.14,-3.94454
15.15,-3.92743
15.16,-3.91011
15.17,-3.89258
15.18,-3.87483
15.19,-3.85688
15.2,-3.83872
15.21,-3.82034
15.22,-3.80174
15.23,-3.78294
15.24,-3.76392
15.25,-3.74469
15.26,-3.72525
15.27,-3.70559
15.28,-3.68573
15.29,-3.66565
15.3,-3.64537
15.31,-3.62488
15.32,-3.60419
15.33,-3.58329
15.34,-3.5622
15.35,-3.5409
15.36,-3.51942
15.37,-3.49774
15.38,-3.47587
15.39,-3.45381
15.4,-3.43157
15.41,-3.40915
15.42,-3.38656
15.43,-3.36379
15.44,-3.34086
15.45,-3.31776
15.46,-3.2945
15.47,-3.27108
15.48,-3.24751
15.49,-3.2238
15.5,-3.19994
15.51,-3.17594
15.52,-3.15181
15.53,-3.12755
15.54,-3.10316
15.55,-3.07866
15.56,-3.05404
15.57,-3.02931
15.58,-3.00447
15.59,-2.97953
15.6,-2.9545
15.61,-2.92938
15.62,-2.90417
15.63,-2.87888
15.64,-2.85352
15.65,-2.82808
15.66,-2.80258
15.67,-2.77701
15.68,-2.75139
15.69,-2.72571
15.7,-2.69999
15.71,-2.67422
15.72,-2.64841
15.73,-2.62256
15.74,-2.59669
15.75,-2.57079
15.76,-2.54486
15.77,-2.51892
15.78,-2.49295
15.79,-2.46698
15.8,-2.441
15.81,-2.41501
15.82,-2.38902
15.83,-2.36304
15.84,-2.33705
15.85,-2.31108
15.86,-2.28511
15.87,-2.25916
15.88,-2.23323
15.89,-2.20731
15.9,-2.18141
15.91,-2.15554
15.92,-2.12969
15.93,-2.10387
15.94,-2.07807
15.95,-2.05231
15.96,-2.02658
15.97,-2.00089
15.98,-1.97523
15.99,-1.94961
16,-1.92402
16.01,-1.89848
16.02,-1.87298
16.03,-1.84753
16.04,-1.82211
16.05,-1.79674
16.06,-1.77142
16.07,-1.74615
16.08,-1.72092
16.09,-1.69574
16.1,-1.67062
16.11,-1.64554
16.12,-1.62052
16.13,-1.59554
16.14,-1.57063
16.15,-1.54576
16.16,-1.52096
16.17,-1.49621
16.18,-1.47151
16.19,-1.44688
16.2,-1.4223
16.21,-1.39779
16.22,-1.37333
16.23,-1.34894
16.24,-1.32461
16.25,-1.30035
16.26,-1.27615
16.27,-1.25203
16.28,-1.22797
16.29,-1.20398
16.3,-1.18006
16.31,-1.15621
16.32,-1.13244
16.33,-1.10875
16.34,-1.08514
16.35,-1.0616
16.36,-1.03815
16.37,-1.01478
16.38,-0.991496
16.39,-0.9683
16.4,-0.945194
16.41,-0.92218
16.42,-0.89926
16.43,-0.876436
16.44,-0.853711
16.45,-0.831086
16.46,-0.808564
16.47,-0.786147
16.48,-0.763838
16.49,-0.741638
16.5,-0.71955
16.51,-0.697577
16.52,-0.675721
16.53,-0.653983
16.54,-0.632366
16.55,-0.610873
16.56,-0.589505
16.57,-0.568264
16.58,-0.547153
16.59,-0.526174
16.6,-0.505327
16.61,-0.484616
16.62,-0.464041
16.63,-0.443605
16.64,-0.423308
16.65,-0.403152
16.66,-0.383138
16.67,-0.363267
16.68,-0.34354
16.69,-0.323958
16.7,-0.304521
16.71,-0.28523
16.72,-0.266084
16.73,-0.247084
16.74,-0.228229
16.75,-0.209519
16.76,-0.190953
16.77,-0.172531
16.78,-0.15425
16.79,-0.136111
16.8,-0.118111
16.81,-0.100248
16.82,-0.0825201
16.83,-0.0649253
16.84,-0.0474607
16.85,-0.0301236
16.86,-0.0129106
16.87,0.00418147
16.88,0.0211564
16.89,0.0380181
16.9,0.0547707
16.91,0.0714187
16.92,0.0879669
16.93,0.10442
16.94,0.120784
16.95,0.137063
16.96,0.153264
16.97,0.169392
16.98,0.185455
16.99,0.201457
17,0.217406
17.01,0.233309
17.02,0.249173
17.03,0.265005
17.04,0.280812
17.05,0.296603
17.06,0.312385
17.07,0.328166
17.08,0.343954
17.09,0.359758
17.1,0.375586
17.11,0.391447
17.12,0.407349
17.13,0.423301
17.14,0.439311
17.15,0.45539
17.16,0.471545
17.17,0.487786
17.18,0.504121
17.19,0.52056
17.2,0.537112
17.21,0.553785
17.22,0.570588
17.23,0.587531
17.24,0.604623
17.25,0.62187
17.26,0.639284
17.27,0.656871
17.28,0.674641
17.29,0.692602
17.3,0.710761
17.31,0.729126
17.32,0.747706
17.33,0.766508
17.34,0.785539
17.35,0.804806
17.36,0.824316
17.37,0.844076
17.38,0.864091
17.39,0.884369
17.4,0.904915
17.41,0.925734
17.42,0.946831
17.43,0.968212
17.44,0.98988
17.45,1.01184
17.46,1.0341
17.47,1.05665
17.48,1.07951
17.49,1.10268
17.5,1.12615
17.51,1.14993
17.52,1.17403
17.53,1.19843
17.54,1.22316
17.55,1.24819
17.56,1.27355
17.57,1.29921
17.58,1.3252
17.59,1.35149
17.6,1.3781
17.61,1.40502
17.62,1.43225
17.63,1.45978
17.64,1.48762
17.65,1.51576
17.66,1.5442
17.67,1.57294
17.68,1.60196
17.69,1.63127
17.7,1.66086
17.71,1.69073
17.72,1.72087
17.73,1.75127
17.74,1.78194
17.75,1.81286
17.76,1.84403
17.77,1.87543
17.78,1.90708
17.79,1.93895
17.8,1.97104
17.81,2.00335
17.82,2.03586
17.83,2.06857
17.84,2.10147
17.85,2.13455
17.86,2.16781
17.87,2.20123
17.88,2.23481
17.89,2.26854
17.9,2.30241
17.91,2.33641
17.92,2.37054
17.93,2.40478
17.94,2.43913
17.95,2.47358
17.96,2.50811
17.97,2.54273
17.98,2.57742
17.99,2.61217
18,2.64698
18.01,2.68183
18.02,2.71672
18.03,2.75164
18.04,2.78659
18.05,2.82154
18.06,2.8565
18.07,2.89146
18.08,2.9264
18.09,2.96133
18.1,2.99623
18.11,3.0311
18.12,3.06592
18.13,3.1007
18.14,3.13542
18.15,3.17008
18.16,3.20467
18.17,3.23918
18.18,3.27361
18.19,3.30796
18.2,3.3422
18.21,3.37635
18.22,3.41039
18.23,3.44431
18.24,3.47812
18.25,3.51181
18.26,3.54537
18.27,3.57879
18.28,3.61208
18.29,3.64522
18.3,3.67821
18.31,3.71106
18.32,3.74374
18.33,3.77627
18.34,3.80864
18.35,3.84083
18.36,3.87285
18.37,3.9047
18.38,3.93637
18.39,3.96786
18.4,3.99917
18.41,4.03028
18.42,4.06121
18.43,4.09194
18.44,4.12247
18.45,4.15281
18.46,4.18295
18.47,4.21288
18.48,4.2426
18.49,4.27211
18.5,4.30142
18.51,4.33051
18.52,4.35939
18.53,4.38804
18.54,4.41648
18.55,4.4447
18.56,4.4727
18.57,4.50047
18.58,4.52801
18.59,4.55532
18.6,4.5824
18.61,4.60926
18.62,4.63587
18.63,4.66225
18.64,4.6884
18.65,4.7143
18.66,4.73997
18.67,4.76539
18.68,4.79056
18.69,4.8155
18.7,4.84018
18.71,4.86462
18.72,4.8888
18.73,4.91274
18.74,4.93642
18.75,4.95984
18.76,4.98301
18.77,5.00593
18.78,5.02858
18.79,5.05097
18.8,5.0731
18.81,5.09497
18.82,5.11657
18.83,5.13791
18.84,5.15898
18.85,5.17978
18.86,5.20031
18.87,5.22057
18.88,5.24056
18.89,5.26028
18.9,5.27972
18.91,5.29889
18.92,5.31778
18.93,5.3364
18.94,5.35474
18.95,5.37281
18.96,5.39059
18.97,5.4081
18.98,5.42533
18.99,5.44228
19,5.45895
19.01,5.47535
19.02,5.49146
19.03,5.5073
19.04,5.52286
19.05,5.53814
19.06,5.55315
19.07,5.56788
19.08,5.58233
19.09,5.59651
19.1,5.61042
19.11,5.62405
19.12,5.63742
19.13,5.65051
19.14,5.66334
19.15,5.67591
19.16,5.68821
19.17,5.70025
19.18,5.71203
19.19,5.72355
19.2,5.73482
19.21,5.74585
19.22,5.75662
19.23,5.76715
19.24,5.77743
19.25,5.78748
19.26,5.79729
19.27,5.80688
19.28,5.81623
19.29,5.82536
19.3,5.83428
19.31,5.84298
19.32,5.85146
19.33,5.85975
19.34,5.86783
19.35,5.87571
19.36,5.88341
19.37,5.89091
19.38,5.89824
19.39,5.90539
19.4,5.91237
19.41,5.91918
19.42,5.92584
19.43,5.93234
19.44,5.9387
19.45,5.94491
19.46,5.95098
19.47,5.95693
19.48,5.96275
19.49,5.96846
19.5,5.97405
19.51,5.97954
19.52,5.98492
19.53,5.99022
19.54,5.99543
19.55,6.00056
19.56,6.00562
19.57,6.01061
19.58,6.01554
19.59,6.02042
19.6,6.02525
19.61,6.03004
19.62,6.0348
19.63,6.03953
19.64,6.04424
19.65,6.04894
19.66,6.05363
19.67,6.05832
19.68,6.06301
19.69,6.06772
19.7,6.07244
19.71,6.07719
19.72,6.08197
19.73,6.08679
19.74,6.09165
19.75,6.09656
19.76,6.10152
19.77,6.10655
19.78,6.11165
19.79,6.11682
19.8,6.12207
19.81,6.1274
19.82,6.13283
19.83,6.13835
19.84,6.14397
19.85,6.1497
19.86,6.15554
19.87,6.1615
19.88,6.16759
19.89,6.1738
19.9,6.18014
19.91,6.18662
19.92,6.19324
19.93,6.20001
19.94,6.20694
19.95,6.21401
19.96,6.22125
19.97,6.22865
19.98,6.23622
19.99,6.24395
20,6.25187
20.01,6.25996
20.02,6.26824
20.03,6.2767
20.04,6.28536
20.05,6.2942
20.06,6.30324
20.07,6.31248
20.08,6.32193
20.09,6.33157
20.1,6.34142
20.11,6.35148
20.12,6.36176
20.13,6.37224
20.14,6.38294
20.15,6.39386
20.16,6.405
20.17,6.41636
20.18,6.42794
20.19,6.43974
20.2,6.45177
20.21,6.46403
20.22,6.47651
20.23,6.48922
20.24,6.50216
20.25,6.51532
20.26,6.52872
20.27,6.54234
20.28,6.5562
20.29,6.57028
20.3,6.58459
20.31,6.59914
20.32,6.61391
20.33,6.62891
20.34,6.64414
20.35,6.65959
20.36,6.67527
20.37,6.69117
20.38,6.7073
20.39,6.72365
20.4,6.74022
20.41,6.757
20.42,6.77401
20.43,6.79123
20.44,6.80866
20.45,6.82631
20.46,6.84416
20.47,6.86222
20.48,6.88049
20.49,6.89895
20.5,6.91762
20.51,6.93648
20.52,6.95553
20.53,6.97477
20.54,6.9942
20.55,7.01382
20.56,7.03362
20.57,7.05359
20.58,7.07374
20.59,7.09405
20.6,7.11454
20.61,7.13519
20.62,7.15599
20.63,7.17696
20.64,7.19807
20.65,7.21934
20.66,7.24075
20.67,7.2623
20.68,7.28398
20.69,7.3058
20.7,7.32775
20.71,7.34982
20.72,7.37202
20.73,7.39433
20.74,7.41675
20.75,7.43929
20.76,7.46193
20.77,7.48467
20.78,7.50751
20.79,7.53044
20.8,7.55346
20.81,7.57657
20.82,7.59976
20.83,7.62304
20.84,7.64638
20.85,7.6698
20.86,7.69329
20.87,7.71685
20.88,7.74047
20.89,7.76414
20.9,7.78788
20.91,7.81166
20.92,7.8355
20.93,7.85939
20.94,7.88332
20.95,7.9073
20.96,7.93132
20.97,7.95537
20.98,7.97947
20.99,8.00359
21,8.02776
21.01,8.05195
21.02,8.07617
21.03,8.10042
21.04,8.1247
21.05,8.14901
21.06,8.17334
21.07,8.19769
21.08,8.22207
21.09,8.24648
21.1,8.2709
21.11,8.29535
21.12,8.31982
21.13,8.34431
21.14,8.36882
21.15,8.39335
21.16,8.41791
21.17,8.44249
21.18,8.46709
21.19,8.49172
21.2,8.51637
21.21,8.54104
21.22,8.56574
21.23,8.59047
21.24,8.61522
21.25,8.64001
21.26,8.66482
21.27,8.68966
21.28,8.71453
21.29,8.73943
21.3,8.76437
21.31,8.78934
21.32,8.81435
21.33,8.83939
21.34,8.86447
21.35,8.88959
21.36,8.91475
21.37,8.93995
21.38,8.96519
21.39,8.99047
21.4,9.0158
21.41,9.04116
21.42,9.06657
21.43,9.09203
21.44,9.11753
21.45,9.14307
21.46,9.16866
21.47,9.1943
21.48,9.21998
21.49,9.2457
21.5,9.27146
21.51,9.29727
21.52,9.32313
21.53,9.34902
21.54,9.37495
21.55,9.40092
21.56,9.42693
21.57,9.45298
21.58,9.47906
21.59,9.50517
21.6,9.53131
21.61,9.55747
21.62,9.58366
21.63,9.60987
21.64,9.6361
21.65,9.66234
21.66,9.6886
21.67,9.71486
21.68,9.74113
21.69,9.76739
21.7,9.79365
21.71,9.8199
21.72,9.84613
21.73,9.87235
21.74,9.89854
21.75,9.9247
21.76,9.95083
21.77,9.97691
21.78,10.003
21.79,10.0289
21.8,10.0549
21.81,10.0807
21.82,10.1065
21.83,10.1322
21.84,10.1579
21.85,10.1834
21.86,10.2088
21.87,10.2342
21.88,10.2594
21.89,10.2845
21.9,10.3095
21.91,10.3343
21.92,10.359
21.93,10.3836
21.94,10.408
21.95,10.4322
21.96,10.4563
21.97,10.4802
21.98,10.5039
21.99,10.5274
22,10.5507
22.01,10.5738
22.02,10.5967
22.03,10.6194
22.04,10.6419
22.05,10.6641
22.06,10.6861
22.07,10.7078
22.08,10.7293
22.09,10.7506
22.1,10.7715
22.11,10.7922
22.12,10.8127
22.13,10.8328
22.14,10.8527
22.15,10.8722
22.16,10.8915
22.17,10.9105
22.18,10.9291
22.19,10.9475
22.2,10.9656
22.21,10.9833
22.22,11.0007
22.23,11.0178
22.24,11.0345
22.25,11.051
22.26,11.067
22.27,11.0828
22.28,11.0982
22.29,11.1133
22.3,11.1281
22.31,11.1424
22.32,11.1565
22.33,11.1702
22.34,11.1836
22.35,11.1966
22.36,11.2093
22.37,11.2216
22.38,11.2336
22.39,11.2452
22.4,11.2565
22.41,11.2674
22.42,11.278
22.43,11.2883
22.44,11.2982
22.45,11.3077
22.46,11.317
22.47,11.3258
22.48,11.3344
22.49,11.3426
22.5,11.3505
22.51,11.358
22.52,11.3652
22.53,11.3721
22.54,11.3787
22.55,11.3849
22.56,11.3908
22.57,11.3964
22.58,11.4017
22.59,11.4067
22.6,11.4113
22.61,11.4157
22.62,11.4197
22.63,11.4235
22.64,11.4269
22.65,11.43
22.66,11.4328
22.67,11.4354
22.68,11.4376
22.69,11.4396
22.7,11.4412
22.71,11.4426
22.72,11.4437
22.73,11.4445
22.74,11.445
22.75,11.4452
22.76,11.4452
22.77,11.4448
22.78,11.4442
22.79,11.4433
22.8,11.4422
22.81,11.4407
22.82,11.439
22.83,11.437
22.84,11.4347
22.85,11.4322
22.86,11.4294
22.87,11.4263
22.88,11.4229
22.89,11.4193
22.9,11.4154
22.91,11.4112
22.92,11.4067
22.93,11.402
22.94,11.3969
22.95,11.3916
22.96,11.386
22.97,11.3802
22.98,11.374
22.99,11.3676
23,11.3608
23.01,11.3538
23.02,11.3465
23.03,11.3389
23.04,11.3311
23.05,11.3229
23.06,11.3144
23.07,11.3056
23.08,11.2966
23.09,11.2872
23.1,11.2775
23.11,11.2676
23.12,11.2573
23.13,11.2467
23.14,11.2358
23.15,11.2246
23.16,11.2131
23.17,11.2013
23.18,11.1892
23.19,11.1767
23.2,11.164
23.21,11.1509
23.22,11.1375
23.23,11.1238
23.24,11.1098
23.25,11.0955
23.26,11.0809
23.27,11.0659
23.28,11.0507
23.29,11.0351
23.3,11.0192
23.31,11.003
23.32,10.9865
23.33,10.9697
23.34,10.9526
23.35,10.9352
23.36,10.9174
23.37,10.8994
23.38,10.8811
23.39,10.8625
23.4,10.8436
23.41,10.8244
23.42,10.805
23.43,10.7852
23.44,10.7652
23.45,10.7449
23.46,10.7244
23.47,10.7036
23.48,10.6825
23.49,10.6612
23.5,10.6396
23.51,10.6178
23.52,10.5958
23.53,10.5735
23.54,10.551
23.55,10.5283
23.56,10.5054
23.57,10.4823
23.58,10.459
23.59,10.4355
23.6,10.4119
23.61,10.388
23.62,10.364
23.63,10.3399
23.64,10.3156
23.65,10.2911
23.66,10.2665
23.67,10.2418
23.68,10.2169
23.69,10.192
23.7,10.1669
23.71,10.1418
23.72,10.1166
23.73,10.0912
23.74,10.0659
23.75,10.0404
23.76,10.0149
23.77,9.98934
23.78,9.96374
23.79,9.93811
23.8,9.91245
23.81,9.88678
23.82,9.8611
23.83,9.83541
23.84,9.80973
23.85,9.78405
23.86,9.7584
23.87,9.73276
23.88,9.70716
23.89,9.6816
23.9,9.65608
23.91,9.6306
23.92,9.60519
23.93,9.57983
23.94,9.55453
23.95,9.52931
23.96,9.50416
23.97,9.47909
23.98,9.45411
23.99,9.42921
24,9.40441
24.01,9.3797
24.02,9.35509
24.03,9.33059
24.04,9.30618
24.05,9.28189
24.06,9.2577
24.07,9.23363
24.08,9.20967
24.09,9.18583
24.1,9.1621
24.11,9.13849
24.12,9.115
24.13,9.09162
24.14,9.06837
24.15,9.04524
24.16,9.02222
24.17,8.99932
24.18,8.97654
24.19,8.95388
24.2,8.93133
24.21,8.90889
24.22,8.88657
24.23,8.86436
24.24,8.84225
24.25,8.82026
24.26,8.79836
24.27,8.77657
24.28,8.75487
24.29,8.73327
24.3,8.71176
24.31,8.69034
24.32,8.66901
24.33,8.64775
24.34,8.62657
24.35,8.60547
24.36,8.58443
24.37,8.56346
24.38,8.54255
24.39,8.5217
24.4,8.5009
24.41,8.48014
24.42,8.45943
24.43,8.43876
24.44,8.41811
24.45,8.3975
24.46,8.37691
24.47,8.35634
24.48,8.33578
24.49,8.31522
24.5,8.29467
24.51,8.27412
24.52,8.25356
24.53,8.23299
24.54,8.21241
24.55,8.19179
24.56,8.17116
24.57,8.15048
24.58,8.12978
24.59,8.10903
24.6,8.08823
24.61,8.06738
24.62,8.04647
24.63,8.0255
24.64,8.00446
24.65,7.98335
24.66,7.96217
24.67,7.94091
24.68,7.91956
24.69,7.89812
24.7,7.87659
24.71,7.85496
24.72,7.83323
24.73,7.81139
24.74,7.78945
24.75,7.76739
24.76,7.74521
24.77,7.72292
24.78,7.7005
24.79,7.67795
24.8,7.65527
24.81,7.63246
24.82,7.60951
24.83,7.58642
24.84,7.56319
24.85,7.53982
24.86,7.51629
24.87,7.49262
24.88,7.46879
24.89,7.44481
24.9,7.42068
24.91,7.39638
24.92,7.37193
24.93,7.34731
24.94,7.32253
24.95,7.29758
24.96,7.27247
24.97,7.24719
24.98,7.22174
24.99,7.19613
25,7.17034
25.01,7.14438
25.02,7.11825
25.03,7.09195
25.04,7.06548
25.05,7.03884
25.06,7.01203
25.07,6.98504
25.08,6.95789
25.09,6.93056
25.1,6.90306
25.11,6.8754
25.12,6.84756
25.13,6.81956
25.14,6.7914
25.15,6.76306
25.16,6.73457
25.17,6.70591
25.18,6.67709
25.19,6.64811
25.2,6.61898
25.21,6.58969
25.22,6.56024
25.23,6.53065
25.24,6.50091
25.25,6.47102
25.26,6.44099
25.27,6.41082
25.28,6.38052
25.29,6.35007
25.3,6.3195
25.31,6.2888
25.32,6.25797
25.33,6.22702
25.34,6.19596
25.35,6.16478
25.36,6.13348
25.37,6.10208
25.38,6.07058
25.39,6.03898
25.4,6.00728
25.41,5.9755
25.42,5.94362
25.43,5.91166
25.44,5.87963
25.45,5.84751
25.46,5.81533
25.47,5.78309
25.48,5.75078
25.49,5.71842
25.5,5.68601
25.51,5.65355
25.52,5.62105
25.53,5.58851
25.54,5.55594
25.55,5.52334
25.56,5.49072
25.57,5.45809
25.58,5.42544
25.59,5.39278
25.6,5.36012
25.61,5.32746
25.62,5.2948
25.63,5.26216
25.64,5.22954
25.65,5.19694
25.66,5.16436
25.67,5.13181
25.68,5.0993
25.69,5.06683
25.7,5.03441
25.71,5.00204
25.72,4.96972
25.73,4.93745
25.74,4.90526
25.75,4.87313
25.76,4.84107
25.77,4.80909
25.78,4.77719
25.79,4.74537
25.8,4.71365
25.81,4.68201
25.82,4.65048
25.83,4.61904
25.84,4.58771
25.85,4.55649
25.86,4.52538
25.87,4.49439
25.88,4.46351
25.89,4.43276
25.9,4.40213
25.91,4.37163
25.92,4.34127
25.93,4.31104
25.94,4.28094
25.95,4.25099
25.96,4.22118
25.97,4.19152
25.98,4.16201
25.99,4.13265
26,4.10344
26.01,4.07439
26.02,4.04549
26.03,4.01676
26.04,3.98819
26.05,3.95979
26.06,3.93155
26.07,3.90348
26.08,3.87558
26.09,3.84786
26.1,3.82031
26.11,3.79293
26.12,3.76573
26.13,3.73871
26.14,3.71187
26.15,3.68521
26.16,3.65874
26.17,3.63245
26.18,3.60634
26.19,3.58043
26.2,3.5547
26.21,3.52915
26.22,3.5038
26.23,3.47864
26.24,3.45368
26.25,3.4289
26.26,3.40433
26.27,3.37994
26.28,3.35575
26.29,3.33176
26.3,3.30797
26.31,3.28438
26.32,3.26098
26.33,3.23779
26.34,3.21479
26.35,3.192
26.36,3.16941
26.37,3.14703
26.38,3.12485
26.39,3.10287
26.4,3.0811
26.41,3.05953
26.42,3.03817
26.43,3.01701
26.44,2.99607
26.45,2.97533
26.46,2.95479
26.47,2.93447
26.48,2.91435
26.49,2.89444
26.5,2.87475
26.51,2.85525
26.52,2.83597
26.53,2.8169
26.54,2.79803
26.55,2.77938
26.56,2.76093
26.57,2.74269
26.58,2.72465
26.59,2.70683
26.6,2.6892
26.61,2.67179
26.62,2.65458
26.63,2.63757
26.64,2.62076
26.65,2.60415
26.66,2.58775
26.67,2.57154
26.68,2.55553
26.69,2.53971
26.7,2.52409
26.71,2.50865
26.72,2.49341
26.73,2.47835
26.74,2.46347
26.75,2.44878
26.76,2.43426
26.77,2.41992
26.78,2.40575
26.79,2.39175
26.8,2.37791
26.81,2.36424
26.82,2.35072
26.83,2.33735
26.84,2.32414
26.85,2.31106
26.86,2.29813
26.87,2.28533
26.88,2.27266
26.89,2.26012
26.9,2.24769
26.91,2.23538
26.92,2.22318
26.93,2.21108
26.94,2.19907
26.95,2.18716
26.96,2.17532
26.97,2.16357
26.98,2.15188
26.99,2.14026
27,2.1287
27.01,2.11718
27.02,2.10571
27.03,2.09427
27.04,2.08286
27.05,2.07148
27.06,2.0601
27.07,2.04873
27.08,2.03736
27.09,2.02598
27.1,2.01458
27.11,2.00315
27.12,1.9917
27.13,1.9802
27.14,1.96865
27.15,1.95705
27.16,1.94538
27.17,1.93364
27.18,1.92182
27.19,1.90992
27.2,1.89792
27.21,1.88581
27.22,1.8736
27.23,1.86128
27.24,1.84882
27.25,1.83624
27.26,1.82352
27.27,1.81066
27.28,1.79765
27.29,1.78448
27.3,1.77115
27.31,1.75765
27.32,1.74397
27.33,1.73012
27.34,1.71608
27.35,1.70186
27.36,1.68743
27.37,1.67281
27.38,1.65799
27.39,1.64296
27.4,1.62772
27.41,1.61227
27.42,1.5966
27.43,1.58071
27.44,1.5646
27.45,1.54827
27.46,1.53171
27.47,1.51493
27.48,1.49792
27.49,1.48068
27.5,1.46321
27.51,1.44552
27.52,1.42759
27.53,1.40944
27.54,1.39106
27.55,1.37246
27.56,1.35363
27.57,1.33459
27.58,1.31532
27.59,1.29583
27.6,1.27613
27.61,1.25623
27.62,1.23611
27.63,1.21579
27.64,1.19527
27.65,1.17455
27.66,1.15365
27.67,1.13255
27.68,1.11128
27.69,1.08983
27.7,1.06821
27.71,1.04643
27.72,1.02449
27.73,1.0024
27.74,0.980156
27.75,0.957776
27.76,0.935263
27.77,0.912624
27.78,0.889865
27.79,0.866993
27.8,0.844015
27.81,0.820939
27.82,0.79777
27.83,0.774518
27.84,0.751188
27.85,0.727788
27.86,0.704325
27.87,0.680806
27.88,0.657238
27.89,0.633629
27.9,0.609986
27.91,0.586314
27.92,0.562622
27.93,0.538916
27.94,0.515203
27.95,0.491488
27.96,0.467779
27.97,0.444082
27.98,0.420403
27.99,0.396747
28,0.37312
28.01,0.349528
28.02,0.325976
28.03,0.302469
28.04,0.279011
28.05,0.255608
28.06,0.232264
28.07,0.208982
28.08,0.185767
28.09,0.162622
28.1,0.139551
28.11,0.116556
28.12,0.0936396
28.13,0.0708052
28.14,0.0480546
28.15,0.0253896
28.16,0.00281194
28.17,-0.0196771
28.18,-0.0420766
28.19,-0.0643856
28.2,-0.0866038
28.21,-0.108731
28.22,-0.130767
28.23,-0.152712
28.24,-0.174568
28.25,-0.196334
28.26,-0.218012
28.27,-0.239604
28.28,-0.26111
28.29,-0.282533
28.3,-0.303876
28.31,-0.325139
28.32,-0.346326
28.33,-0.36744
28.34,-0.388483
28.35,-0.409459
28.36,-0.430371
28.37,-0.451222
28.38,-0.472015
28.39,-0.492756
28.4,-0.513446
28.41,-0.534092
28.42,-0.554696
28.43,-0.575263
28.44,-0.595796
28.45,-0.616302
28.46,-0.636783
28.47,-0.657244
28.48,-0.677691
28.49,-0.698127
28.5,-0.718557
28.51,-0.738985
28.52,-0.759417
28.53,-0.779857
28.54,-0.800308
28.55,-0.820777
28.56,-0.841266
28.57,-0.861781
28.58,-0.882326
28.59,-0.902906
28.6,-0.923523
28.61,-0.944183
28.62,-0.96489
28.63,-0.985646
28.64,-1.00646
28.65,-1.02733
28.66,-1.04826
28.67,-1.06925
28.68,-1.09031
28.69,-1.11144
28.7,-1.13265
28.71,-1.15394
28.72,-1.1753
28.73,-1.19674
28.74,-1.21828
28.75,-1.23989
28.76,-1.2616
28.77,-1.28339
28.78,-1.30528
28.79,-1.32727
28.8,-1.34934
28.81,-1.37152
28.82,-1.39379
28.83,-1.41617
28.84,-1.43864
28.85,-1.46121
28.86,-1.48389
28.87,-1.50666
28.88,-1.52954
28.89,-1.55253
28.9,-1.57561
28.91,-1.5988
28.92,-1.62209
28.93,-1.64548
28.94,-1.66898
28.95,-1.69257
28.96,-1.71627
28.97,-1.74007
28.98,-1.76397
28.99,-1.78797
29,-1.81207
29.01,-1.83627
29.02,-1.86057
29.03,-1.88497
29.04,-1.90946
29.05,-1.93405
29.06,-1.95873
29.07,-1.98351
29.08,-2.00838
29.09,-2.03334
29.1,-2.0584
29.11,-2.08355
29.12,-2.10879
29.13,-2.13412
29.14,-2.15955
29.15,-2.18506
29.16,-2.21066
29.17,-2.23635
29.18,-2.26213
29.19,-2.28799
29.2,-2.31395
29.21,-2.33999
29.22,-2.36613
29.23,-2.39235
29.24,-2.41866
29.25,-2.44506
29.26,-2.47155
29.27,-2.49812
29.28,-2.52479
29.29,-2.55155
29.3,-2.5784
29.31,-2.60534
29.32,-2.63238
29.33,-2.65951
29.34,-2.68673
29.35,-2.71406
29.36,-2.74147
29.37,-2.76899
29.38,-2.7966
29.39,-2.82432
29.4,-2.85214
29.41,-2.88006
29.42,-2.90809
29.43,-2.93622
29.44,-2.96446
29.45,-2.99281
29.46,-3.02127
29.47,-3.04984
29.48,-3.07852
29.49,-3.10732
29.5,-3.13623
29.51,-3.16526
29.52,-3.19441
29.53,-3.22368
29.54,-3.25307
29.55,-3.28259
29.56,-3.31222
29.57,-3.34198
29.58,-3.37187
29.59,-3.40188
29.6,-3.43201
29.61,-3.46228
29.62,-3.49267
29.63,-3.52318
29.64,-3.55383
29.65,-3.5846
29.66,-3.6155
29.67,-3.64653
29.68,-3.67768
29.69,-3.70896
29.7,-3.74036
29.71,-3.77189
29.72,-3.80353
29.73,-3.8353
29.74,-3.86719
29.75,-3.8992
29.76,-3.93132
29.77,-3.96355
29.78,-3.9959
29.79,-4.02835
29.8,-4.0609
29.81,-4.09356
29.82,-4.12631
29.83,-4.15916
29.84,-4.1921
29.85,-4.22512
29.86,-4.25822
29.87,-4.29141
29.88,-4.32466
29.89,-4.35798
29.9,-4.39136
29.91,-4.4248
29.92,-4.45828
29.93,-4.49182
29.94,-4.52539
29.95,-4.55899
29.96,-4.59261
29.97,-4.62626
29.98,-4.65991
29.99,-4.69357
30,-4.72723
30.01,-4.76088
30.02,-4.79451
30.03,-4.82811
30.04,-4.86168
30.05,-4.8952
30.06,-4.92868
30.07,-4.9621
30.08,-4.99545
30.09,-5.02872
30.1,-5.06191
30.11,-5.09501
30.12,-5.128
30.13,-5.16089
30.14,-5.19365
30.15,-5.22629
30.16,-5.25879
30.17,-5.29114
30.18,-5.32334
30.19,-5.35537
30.2,-5.38723
30.21,-5.41891
30.22,-5.4504
30.23,-5.48168
30.24,-5.51276
30.25,-5.54361
30.26,-5.57424
30.27,-5.60464
30.28,-5.63479
30.29,-5.66469
30.3,-5.69433
30.31,-5.7237
30.32,-5.75279
30.33,-5.7816
30.34,-5.81011
30.35,-5.83832
30.36,-5.86623
30.37,-5.89382
30.38,-5.92108
30.39,-5.94802
30.4,-5.97462
30.41,-6.00088
30.42,-6.02678
30.43,-6.05234
30.44,-6.07753
30.45,-6.10235
30.46,-6.1268
30.47,-6.15087
30.48,-6.17456
30.49,-6.19787
30.5,-6.22078
30.51,-6.24329
30.52,-6.2654
30.53,-6.28711
30.54,-6.30841
30.55,-6.3293
30.56,-6.34977
30.57,-6.36983
30.58,-6.38947
30.59,-6.40869
30.6,-6.42748
30.61,-6.44585
30.62,-6.46379
30.63,-6.4813
30.64,-6.49839
30.65,-6.51505
30.66,-6.53128
30.67,-6.54708
30.68,-6.56245
30.69,-6.57739
30.7,-6.59191
30.71,-6.606
30.72,-6.61966
30.73,-6.6329
30.74,-6.64573
30.75,-6.65813
30.76,-6.67011
30.77,-6.68168
30.78,-6.69284
30.79,-6.7036
30.8,-6.71394
30.81,-6.72389
30.82,-6.73344
30.83,-6.7426
30.84,-6.75137
30.85,-6.75976
30.86,-6.76776
30.87,-6.7754
30.88,-6.78266
30.89,-6.78957
30.9,-6.79611
30.91,-6.80231
30.92,-6.80816
30.93,-6.81367
30.94,-6.81884
30.95,-6.8237
30.96,-6.82823
30.97,-6.83246
30.98,-6.83637
30.99,-6.84
31,-6.84333
31.01,-6.84638
31.02,-6.84916
31.03,-6.85167
31.04,-6.85392
31.05,-6.85593
31.06,-6.85769
31.07,-6.85922
31.08,-6.86053
31.09,-6.86163
31.1,-6.86251
31.11,-6.8632
31.12,-6.86371
31.13,-6.86403
31.14,-6.86418
31.15,-6.86418
31.16,-6.86402
31.17,-6.86372
31.18,-6.86329
31.19,-6.86274
31.2,-6.86207
31.21,-6.8613
31.22,-6.86044
31.23,-6.85949
31.24,-6.85846
31.25,-6.85738
31.26,-6.85623
31.27,-6.85504
31.28,-6.85382
31.29,-6.85257
31.3,-6.8513
31.31,-6.85002
31.32,-6.84875
31.33,-6.84748
31.34,-6.84624
31.35,-6.84502
31.36,-6.84385
31.37,-6.84272
31.38,-6.84165
31.39,-6.84065
31.4,-6.83972
31.41,-6.83887
31.42,-6.83811
31.43,-6.83746
31.44,-6.83691
31.45,-6.83648
31.46,-6.83617
31.47,-6.83599
31.48,-6.83596
31.49,-6.83607
31.5,-6.83634
31.51,-6.83676
31.52,-6.83736
31.53,-6.83813
31.54,-6.83909
31.55,-6.84023
31.56,-6.84156
31.57,-6.8431
31.58,-6.84484
31.59,-6.8468
31.6,-6.84897
31.61,-6.85137
31.62,-6.85399
31.63,-6.85684
31.64,-6.85993
31.65,-6.86326
31.66,-6.86683
31.67,-6.87065
31.68,-6.87472
31.69,-6.87905
31.7,-6.88364
31.71,-6.88848
31.72,-6.89359
31.73,-6.89897
31.74,-6.90461
31.75,-6.91052
31.76,-6.91671
31.77,-6.92317
31.78,-6.9299
31.79,-6.9369
31.8,-6.94418
31.81,-6.95174
31.82,-6.95958
31.83,-6.96769
31.84,-6.97608
31.85,-6.98475
31.86,-6.99369
31.87,-7.00291
31.88,-7.0124
31.89,-7.02217
31.9,-7.03221
31.91,-7.04253
31.92,-7.05311
31.93,-7.06397
31.94,-7.07509
31.95,-7.08647
31.96,-7.09812
31.97,-7.11004
31.98,-7.12221
31.99,-7.13464
32,-7.14733
32.01,-7.16026
32.02,-7.17345
32.03,-7.18689
32.04,-7.20057
32.05,-7.2145
32.06,-7.22866
32.07,-7.24306
32.08,-7.2577
32.09,-7.27257
32.1,-7.28766
32.11,-7.30298
32.12,-7.31853
32.13,-7.33429
32.14,-7.35028
32.15,-7.36648
32.16,-7.38288
32.17,-7.3995
32.18,-7.41633
32.19,-7.43336
32.2,-7.45058
32.21,-7.46801
32.22,-7.48564
32.23,-7.50345
32.24,-7.52146
32.25,-7.53965
32.26,-7.55804
32.27,-7.5766
32.28,-7.59535
32.29,-7.61427
32.3,-7.63338
32.31,-7.65266
32.32,-7.67211
32.33,-7.69173
32.34,-7.71152
32.35,-7.73148
32.36,-7.75161
32.37,-7.7719
32.38,-7.79235
32.39,-7.81297
32.4,-7.83375
32.41,-7.85468
32.42,-7.87577
32.43,-7.89702
32.44,-7.91842
32.45,-7.93998
32.46,-7.96169
32.47,-7.98355
32.48,-8.00556
32.49,-8.02772
32.5,-8.05002
32.51,-8.07248
32.52,-8.09508
32.53,-8.11783
32.54,-8.14072
32.55,-8.16375
32.56,-8.18692
32.57,-8.21024
32.58,-8.23369
32.59,-8.25729
32.6,-8.28102
32.61,-8.30489
32.62,-8.32889
32.63,-8.35302
32.64,-8.37729
32.65,-8.40169
32.66,-8.42622
32.67,-8.45087
32.68,-8.47565
32.69,-8.50055
32.7,-8.52558
32.71,-8.55072
32.72,-8.57598
32.73,-8.60136
32.74,-8.62685
32.75,-8.65245
32.76,-8.67816
32.77,-8.70397
32.78,-8.72989
32.79,-8.7559
32.8,-8.78201
32.81,-8.80821
32.82,-8.83451
32.83,-8.86088
32.84,-8.88734
32.85,-8.91388
32.86,-8.94049
32.87,-8.96717
32.88,-8.99392
32.89,-9.02073
32.9,-9.04759
32.91,-9.07451
32.92,-9.10148
32.93,-9.12849
32.94,-9.15553
32.95,-9.18261
32.96,-9.20972
32.97,-9.23685
32.98,-9.26399
32.99,-9.29115
33,-9.31831
33.01,-9.34548
33.02,-9.37263
33.03,-9.39978
33.04,-9.42691
33.05,-9.45401
33.06,-9.48109
33.07,-9.50813
33.08,-9.53513
33.09,-9.56209
33.1,-9.58899
33.11,-9.61583
33.12,-9.6426
33.13,-9.66931
33.14,-9.69593
33.15,-9.72248
33.16,-9.74893
33.17,-9.77529
33.18,-9.80155
33.19,-9.8277
33.2,-9.85374
33.21,-9.87966
33.22,-9.90546
33.23,-9.93113
33.24,-9.95666
33.25,-9.98206
33.26,-10.0073
33.27,-10.0324
33.28,-10.0574
33.29,-10.0821
33.3,-10.1068
33.31,-10.1312
33.32,-10.1555
33.33,-10.1796
33.34,-10.2035
33.35,-10.2273
33.36,-10.2508
33.37,-10.2742
33.38,-10.2973
33.39,-10.3203
33.4,-10.3431
33.41,-10.3656
33.42,-10.388
33.43,-10.4101
33.44,-10.4321
33.45,-10.4538
33.46,-10.4753
33.47,-10.4966
33.48,-10.5176
33.49,-10.5385
33.5,-10.5591
33.51,-10.5795
33.52,-10.5997
33.53,-10.6197
33.54,-10.6394
33.55,-10.6589
33.56,-10.6782
33.57,-10.6973
33.58,-10.7161
33.59,-10.7348
33.6,-10.7532
33.61,-10.7713
33.62,-10.7893
33.63,-10.807
33.64,-10.8245
33.65,-10.8418
33.66,-10.8588
33.67,-10.8757
33.68,-10.8923
33.69,-10.9087
33.7,-10.9248
33.71,-10.9408
33.72,-10.9565
33.73,-10.9721
33.74,-10.9874
33.75,-11.0025
33.76,-11.0174
33.77,-11.032
33.78,-11.0465
33.79,-11.0608
33.8,-11.0748
33.81,-11.0886
33.82,-11.1022
33.83,-11.1157
33.84,-11.1289
33.85,-11.1419
33.86,-11.1546
33.87,-11.1672
33.88,-11.1796
33.89,-11.1918
33.9,-11.2037
33.91,-11.2154
33.92,-11.227
33.93,-11.2383
33.94,-11.2494
33.95,-11.2603
33.96,-11.271
33.97,-11.2814
33.98,-11.2917
33.99,-11.3017
34,-11.3115
34.01,-11.321
34.02,-11.3304
34.03,-11.3395
34.04,-11.3484
34.05,-11.357
34.06,-11.3654
34.07,-11.3736
34.08,-11.3815
34.09,-11.3892
34.1,-11.3966
34.11,-11.4038
34.12,-11.4107
34.13,-11.4174
34.14,-11.4237
34.15,-11.4299
34.16,-11.4357
34.17,-11.4412
34.18,-11.4465
34.19,-11.4515
34.2,-11.4562
34.21,-11.4606
34.22,-11.4647
34.23,-11.4685
34.24,-11.4719
34.25,-11.4751
34.26,-11.4779
34.27,-11.4804
34.28,-11.4826
34.29,-11.4844
34.3,-11.4859
34.31,-11.4871
34.32,-11.4879
34.33,-11.4883
34.34,-11.4884
34.35,-11.4881
34.36,-11.4874
34.37,-11.4864
34.38,-11.485
34.39,-11.4832
34.4,-11.4811
34.41,-11.4785
34.42,-11.4755
34.43,-11.4722
34.44,-11.4684
34.45,-11.4643
34.46,-11.4597
34.47,-11.4547
34.48,-11.4494
34.49,-11.4435
34.5,-11.4373
34.51,-11.4307
34.52,-11.4236
34.53,-11.4161
34.54,-11.4082
34.55,-11.3999
34.56,-11.3911
34.57,-11.3819
34.58,-11.3723
34.59,-11.3623
34.6,-11.3518
34.61,-11.3409
34.62,-11.3296
34.63,-11.3178
34.64,-11.3056
34.65,-11.293
34.66,-11.28
34.67,-11.2665
34.68,-11.2527
34.69,-11.2384
34.7,-11.2237
34.71,-11.2085
34.72,-11.193
34.73,-11.1771
34.74,-11.1607
34.75,-11.144
34.76,-11.1269
34.77,-11.1093
34.78,-11.0914
34.79,-11.0731
34.8,-11.0544
34.81,-11.0353
34.82,-11.0159
34.83,-10.9961
34.84,-10.9759
34.85,-10.9554
34.86,-10.9346
34.87,-10.9133
34.88,-10.8918
34.89,-10.8699
34.9,-10.8477
34.91,-10.8251
34.92,-10.8023
34.93,-10.7791
34.94,-10.7557
34.95,-10.7319
34.96,-10.7078
34.97,-10.6835
34.98,-10.6589
34.99,-10.634
35,-10.6088
35.01,-10.5834
35.02,-10.5577
35.03,-10.5318
35.04,-10.5056
35.05,-10.4792
35.06,-10.4526
35.07,-10.4258
35.08,-10.3987
35.09,-10.3714
35.1,-10.344
35.11,-10.3163
35.12,-10.2884
35.13,-10.2604
35.14,-10.2322
35.15,-10.2038
35.16,-10.1752
35.17,-10.1465
35.18,-10.1176
35.19,-10.0886
35.2,-10.0594
35.21,-10.0301
35.22,-10.0006
35.23,-9.97106
35.24,-9.94136
35.25,-9.91155
35.26,-9.88163
35.27,-9.85159
35.28,-9.82146
35.29,-9.79123
35.3,-9.7609
35.31,-9.73049
35.32,-9.69999
35.33,-9.66942
35.34,-9.63877
35.35,-9.60805
35.36,-9.57726
35.37,-9.54641
35.38,-9.51551
35.39,-9.48455
35.4,-9.45354
35.41,-9.42249
35.42,-9.39139
35.43,-9.36025
35.44,-9.32909
35.45,-9.29789
35.46,-9.26666
35.47,-9.23541
35.48,-9.20414
35.49,-9.17286
35.5,-9.14156
35.51,-9.11026
35.52,-9.07895
35.53,-9.04763
35.54,-9.01632
35.55,-8.98502
35.56,-8.95372
35.57,-8.92243
35.58,-8.89116
35.59,-8.85991
35.6,-8.82867
35.61,-8.79747
35.62,-8.76629
35.63,-8.73515
35.64,-8.70404
35.65,-8.67296
35.66,-8.64194
35.67,-8.61095
35.68,-8.58002
35.69,-8.54913
35.7,-8.5183
35.71,-8.48754
35.72,-8.45683
35.73,-8.42619
35.74,-8.39562
35.75,-8.36512
35.76,-8.33469
35.77,-8.30435
35.78,-8.27409
35.79,-8.24391
35.8,-8.21382
35.81,-8.18383
35.82,-8.15393
35.83,-8.12413
35.84,-8.09443
35.85,-8.06484
35.86,-8.03536
35.87,-8.00599
35.88,-7.97674
35.89,-7.9476
35.9,-7.91859
35.91,-7.88969
35.92,-7.86093
35.93,-7.8323
35.94,-7.8038
35.95,-7.77544
35.96,-7.74721
35.97,-7.71913
35.98,-7.69119
35.99,-7.66339
36,-7.63575
36.01,-7.60826
36.02,-7.58092
36.03,-7.55373
36.04,-7.5267
36.05,-7.49983
36.06,-7.47312
36.07,-7.44658
36.08,-7.42019
36.09,-7.39398
36.1,-7.36793
36.11,-7.34204
36.12,-7.31633
36.13,-7.29078
36.14,-7.26541
36.15,-7.2402
36.16,-7.21516
36.17,-7.1903
36.18,-7.16561
36.19,-7.14108
36.2,-7.11673
36.21,-7.09254
36.22,-7.06853
36.23,-7.04468
36.24,-7.021
36.25,-6.99749
36.26,-6.97414
36.27,-6.95096
36.28,-6.92793
36.29,-6.90507
36.3,-6.88236
36.31,-6.85981
36.32,-6.83741
36.33,-6.81516
36.34,-6.79305
36.35,-6.7711
36.36,-6.74928
36.37,-6.7276
36.38,-6.70605
36.39,-6.68464
36.4,-6.66335
36.41,-6.64219
36.42,-6.62114
36.43,-6.60021
36.44,-6.57939
36.45,-6.55867
36.46,-6.53806
36.47,-6.51754
36.48,-6.49711
36.49,-6.47677
36.5,-6.45651
36.51,-6.43632
36.52,-6.4162
36.53,-6.39615
36.54,-6.37616
36.55,-6.35622
36.56,-6.33633
36.57,-6.31648
36.58,-6.29666
36.59,-6.27687
36.6,-6.2571
36.61,-6.23736
36.62,-6.21762
36.63,-6.19788
36.64,-6.17814
36.65,-6.1584
36.66,-6.13864
36.67,-6.11885
36.68,-6.09904
36.69,-6.07919
36.7,-6.0593
36.71,-6.03936
36.72,-6.01937
36.73,-5.99932
36.74,-5.9792
36.75,-5.959
36.76,-5.93872
36.77,-5.91836
36.78,-5.89791
36.79,-5.87735
36.8,-5.85669
36.81,-5.83591
36.82,-5.81502
36.83,-5.794
36.84,-5.77286
36.85,-5.75158
36.86,-5.73015
36.87,-5.70858
36.88,-5.68685
36.89,-5.66497
36.9,-5.64293
36.91,-5.62071
36.92,-5.59832
36.93,-5.57575
36.94,-5.553
36.95,-5.53006
36.96,-5.50693
36.97,-5.4836
36.98,-5.46007
36.99,-5.43634
37,-5.41239
37.01,-5.38824
37.02,-5.36387
37.03,-5.33928
37.04,-5.31446
37.05,-5.28942
37.06,-5.26416
37.07,-5.23866
37.08,-5.21293
37.09,-5.18697
37.1,-5.16077
37.11,-5.13433
37.12,-5.10766
37.13,-5.08074
37.14,-5.05358
37.15,-5.02618
37.16,-4.99854
37.17,-4.97065
37.18,-4.94252
37.19,-4.91415
37.2,-4.88553
37.21,-4.85667
37.22,-4.82757
37.23,-4.79823
37.24,-4.76866
37.25,-4.73884
37.26,-4.70879
37.27,-4.67851
37.28,-4.648
37.29,-4.61726
37.3,-4.58629
37.31,-4.5551
37.32,-4.52369
37.33,-4.49207
37.34,-4.46023
37.35,-4.42819
37.36,-4.39594
37.37,-4.36349
37.38,-4.33085
37.39,-4.29801
37.4,-4.26499
37.41,-4.2318
37.42,-4.19842
37.43,-4.16488
37.44,-4.13117
37.45,-4.09731
37.46,-4.0633
37.47,-4.02914
37.48,-3.99485
37.49,-3.96042
37.5,-3.92587
37.51,-3.8912
37.52,-3.85642
37.53,-3.82154
37.54,-3.78657
37.55,-3.7515
37.56,-3.71636
37.57,-3.68114
37.58,-3.64586
37.59,-3.61053
37.6,-3.57515
37.61,-3.53972
37.62,-3.50427
37.63,-3.46879
37.64,-3.4333
37.65,-3.3978
37.66,-3.3623
37.67,-3.32682
37.68,-3.29135
37.69,-3.25592
37.7,-3.22052
37.71,-3.18516
37.72,-3.14986
37.73,-3.11462
37.74,-3.07945
37.75,-3.04436
37.76,-3.00936
37.77,-2.97445
37.78,-2.93965
37.79,-2.90496
37.8,-2.87039
37.81,-2.83595
37.82,-2.80164
37.83,-2.76748
37.84,-2.73347
37.85,-2.69962
37.86,-2.66593
37.87,-2.63242
37.88,-2.59909
37.89,-2.56595
37.9,-2.533
37.91,-2.50025
37.92,-2.46771
37.93,-2.43538
37.94,-2.40327
37.95,-2.37139
37.96,-2.33973
37.97,-2.30831
37.98,-2.27714
37.99,-2.2462
38,-2.21552
38.01,-2.1851
38.02,-2.15493
38.03,-2.12503
38.04,-2.09539
38.05,-2.06602
38.06,-2.03693
38.07,-2.00811
38.08,-1.97957
38.09,-1.95131
38.1,-1.92334
38.11,-1.89565
38.12,-1.86825
38.13,-1.84114
38.14,-1.81433
38.15,-1.7878
38.16,-1.76156
38.17,-1.73562
38.18,-1.70997
38.19,-1.68462
38.2,-1.65956
38.21,-1.63479
38.22,-1.61031
38.23,-1.58613
38.24,-1.56223
38.25,-1.53863
38.26,-1.51532
38.27,-1.49229
38.28,-1.46955
38.29,-1.44709
38.3,-1.42491
38.31,-1.40301
38.32,-1.38139
38.33,-1.36005
38.34,-1.33898
38.35,-1.31817
38.36,-1.29763
38.37,-1.27736
38.38,-1.25734
38.39,-1.23759
38.4,-1.21808
38.41,-1.19883
38.42,-1.17983
38.43,-1.16107
38.44,-1.14254
38.45,-1.12426
38.46,-1.10621
38.47,-1.08839
38.48,-1.07079
38.49,-1.05341
38.5,-1.03626
38.51,-1.01932
38.52,-1.00259
38.53,-0.986061
38.54,-0.96974
38.55,-0.953618
38.56,-0.937692
38.57,-0.921959
38.58,-0.906414
38.59,-0.891054
38.6,-0.875876
38.61,-0.860875
38.62,-0.846049
38.63,-0.831394
38.64,-0.816907
38.65,-0.802585
38.66,-0.788423
38.67,-0.77442
38.68,-0.760572
38.69,-0.746876
38.7,-0.733329
38.71,-0.719928
38.72,-0.70667
38.73,-0.693553
38.74,-0.680573
38.75,-0.667729
38.76,-0.655017
38.77,-0.642436
38.78,-0.629982
38.79,-0.617653
38.8,-0.605447
38.81,-0.593361
38.82,-0.581394
38.83,-0.569543
38.84,-0.557805
38.85,-0.546179
38.86,-0.534663
38.87,-0.523254
38.88,-0.511951
38.89,-0.500751
38.9,-0.489652
38.91,-0.478653
38.92,-0.467751
38.93,-0.456943
38.94,-0.446229
38.95,-0.435606
38.96,-0.425072
38.97,-0.414624
38.98,-0.404261
38.99,-0.39398
39,-0.383779
39.01,-0.373656
39.02,-0.363608
39.03,-0.353633
39.04,-0.343729
39.05,-0.333893
39.06,-0.324121
39.07,-0.314412
39.08,-0.304763
39.09,-0.295171
39.1,-0.285632
39.11,-0.276144
39.12,-0.266703
39.13,-0.257307
39.14,-0.247951
39.15,-0.238632
39.16,-0.229347
39.17,-0.220091
39.18,-0.210862
39.19,-0.201654
39.2,-0.192465
39.21,-0.183289
39.22,-0.174122
39.23,-0.16496
39.24,-0.155799
39.25,-0.146633
39.26,-0.137457
39.27,-0.128268
39.28,-0.11906
39.29,-0.109828
39.3,-0.100566
39.31,-0.0912692
39.32,-0.0819327
39.33,-0.0725506
39.34,-0.0631174
39.35,-0.0536274
39.36,-0.0440749
39.37,-0.0344542
39.38,-0.0247593
39.39,-0.0149845
39.4,-0.00512372
39.41,0.00482897
39.42,0.0148796
39.43,0.0250342
39.44,0.0352988
39.45,0.0456794
39.46,0.0561822
39.47,0.0668132
39.48,0.0775784
39.49,0.0884839
39.5,0.0995355
39.51,0.110739
39.52,0.122101
39.53,0.133626
39.54,0.145322
39.55,0.157192
39.56,0.169243
39.57,0.18148
39.58,0.193909
39.59,0.206535
39.6,0.219363
39.61,0.232398
39.62,0.245645
39.63,0.259108
39.64,0.272793
39.65,0.286703
39.66,0.300843
39.67,0.315216
39.68,0.329827
39.69,0.34468
39.7,0.359777
39.71,0.375123
39.72,0.390719
39.73,0.40657
39.74,0.422677
39.75,0.439043
39.76,0.45567
39.77,0.472561
39.78,0.489716
39.79,0.507138
39.8,0.524827
39.81,0.542785
39.82,0.561013
39.83,0.57951
39.84,0.598278
39.85,0.617316
39.86,0.636624
39.87,0.656202
39.88,0.676049
39.89,0.696164
39.9,0.716547
39.91,0.737195
39.92,0.758108
39.93,0.779284
39.94,0.80072
39.95,0.822414
39.96,0.844365
39.97,0.866569
39.98,0.889023
39.99,0.911726
40,0.934673
40.01,0.957862
40.02,0.981288
40.03,1.00495
40.04,1.02884
40.05,1.05296
40.06,1.0773
40.07,1.10186
40.08,1.12663
40.09,1.15162
40.1,1.1768
40.11,1.20219
40.12,1.22778
40.13,1.25356
40.14,1.27952
40.15,1.30567
40.16,1.332
40.17,1.35849
40.18,1.38516
40.19,1.41198
40.2,1.43897
40.21,1.46611
40.22,1.4934
40.23,1.52083
40.24,1.5484
40.25,1.5761
40.26,1.60393
40.27,1.63189
40.28,1.65997
40.29,1.68816
40.3,1.71647
40.31,1.74488
40.32,1.77339
40.33,1.80201
40.34,1.83072
40.35,1.85952
40.36,1.88841
40.37,1.91738
40.38,1.94643
40.39,1.97556
40.4,2.00476
40.41,2.03404
40.42,2.06338
40.43,2.09279
40.44,2.12225
40.45,2.15178
40.46,2.18137
40.47,2.21102
40.48,2.24071
40.49,2.27046
40.5,2.30026
40.51,2.33011
40.52,2.36
40.53,2.38994
40.54,2.41993
40.55,2.44995
40.56,2.48003
40.57,2.51014
40.58,2.54029
40.59,2.57049
40.6,2.60073
40.61,2.63101
40.62,2.66133
40.63,2.69169
40.64,2.72209
40.65,2.75253
40.66,2.78301
40.67,2.81354
40.68,2.8441
40.69,2.87471
40.7,2.90536
40.71,2.93606
40.72,2.9668
40.73,2.99759
40.74,3.02842
40.75,3.05931
40.76,3.09023
40.77,3.12121
40.78,3.15224
40.79,3.18332
40.8,3.21445
40.81,3.24563
40.82,3.27686
40.83,3.30815
40.84,3.3395
40.85,3.3709
40.86,3.40235
40.87,3.43386
40.88,3.46543
40.89,3.49706
40.9,3.52875
40.91,3.56049
40.92,3.59229
40.93,3.62415
40.94,3.65607
40.95,3.68805
40.96,3.72009
40.97,3.75219
40.98,3.78434
40.99,3.81655
41,3.84882
41.01,3.88114
41.02,3.91352
41.03,3.94595
41.04,3.97843
41.05,4.01097
41.06,4.04355
41.07,4.07619
41.08,4.10887
41.09,4.14159
41.1,4.17436
41.11,4.20716
41.12,4.24
41.13,4.27288
41.14,4.30579
41.15,4.33873
41.16,4.3717
41.17,4.40468
41.18,4.43769
41.19,4.47072
41.2,4.50375
41.21,4.5368
41.22,4.56985
41.23,4.60291
41.24,4.63596
41.25,4.669
41.26,4.70203
41.27,4.73504
41.28,4.76804
41.29,4.80101
41.3,4.83394
41.31,4.86685
41.32,4.89971
41.33,4.93253
41.34,4.96529
41.35,4.998
41.36,5.03065
41.37,5.06323
41.38,5.09573
41.39,5.12816
41.4,5.16051
41.41,5.19276
41.42,5.22492
41.43,5.25698
41.44,5.28893
41.45,5.32077
41.46,5.35248
41.47,5.38408
41.48,5.41554
41.49,5.44686
41.5,5.47804
41.51,5.50907
41.52,5.53995
41.53,5.57066
41.54,5.60121
41.55,5.63158
41.56,5.66178
41.57,5.69179
41.58,5.72161
41.59,5.75123
41.6,5.78066
41.61,5.80987
41.62,5.83887
41.63,5.86765
41.64,5.89621
41.65,5.92454
41.66,5.95263
41.67,5.98049
41.68,6.0081
41.69,6.03546
41.7,6.06256
41.71,6.0894
41.72,6.11598
41.73,6.1423
41.74,6.16833
41.75,6.19409
41.76,6.21957
41.77,6.24477
41.78,6.26967
41.79,6.29428
41.8,6.31859
41.81,6.34261
41.82,6.36632
41.83,6.38972
41.84,6.41281
41.85,6.43559
41.86,6.45806
41.87,6.4802
41.88,6.50203
41.89,6.52353
41.9,6.54471
41.91,6.56556
41.92,6.58609
41.93,6.60628
41.94,6.62614
41.95,6.64567
41.96,6.66487
41.97,6.68373
41.98,6.70226
41.99,6.72045
42,6.7383
42.01,6.75582
42.02,6.77301
42.03,6.78985
42.04,6.80637
42.05,6.82254
42.06,6.83839
42.07,6.85389
42.08,6.86907
42.09,6.88392
42.1,6.89843
42.11,6.91262
42.12,6.92648
42.13,6.94002
42.14,6.95323
42.15,6.96612
42.16,6.97869
42.17,6.99095
42.18,7.0029
42.19,7.01453
42.2,7.02586
42.21,7.03688
42.22,7.0476
42.23,7.05802
42.24,7.06815
42.25,7.07798
42.26,7.08753
42.27,7.0968
42.28,7.10578
42.29,7.11449
42.3,7.12293
42.31,7.1311
42.32,7.13901
42.33,7.14666
42.34,7.15406
42.35,7.1612
42.36,7.1681
42.37,7.17476
42.38,7.18119
42.39,7.18738
42.4,7.19335
42.41,7.1991
42.42,7.20463
42.43,7.20995
42.44,7.21507
42.45,7.21998
42.46,7.2247
42.47,7.22923
42.48,7.23358
42.49,7.23775
42.5,7.24174
42.51,7.24556
42.52,7.24922
42.53,7.25272
42.54,7.25607
42.55,7.25927
42.56,7.26232
42.57,7.26524
42.58,7.26802
42.59,7.27068
42.6,7.27322
42.61,7.27563
42.62,7.27794
42.63,7.28014
42.64,7.28223
42.65,7.28423
42.66,7.28613
42.67,7.28795
42.68,7.28968
42.69,7.29134
42.7,7.29292
42.71,7.29443
42.72,7.29588
42.73,7.29726
42.74,7.2986
42.75,7.29987
42.76,7.3011
42.77,7.30229
42.78,7.30344
42.79,7.30456
42.8,7.30564
42.81,7.30669
42.82,7.30773
42.83,7.30874
42.84,7.30974
42.85,7.31072
42.86,7.3117
42.87,7.31267
42.88,7.31365
42.89,7.31462
42.9,7.3156
42.91,7.31659
42.92,7.3176
42.93,7.31862
42.94,7.31966
42.95,7.32072
42.96,7.32181
42.97,7.32293
42.98,7.32408
42.99,7.32526
43,7.32649
43.01,7.32776
43.02,7.32907
43.03,7.33043
43.04,7.33185
43.05,7.33332
43.06,7.33485
43.07,7.33644
43.08,7.33809
43.09,7.33981
43.1,7.34161
43.11,7.34348
43.12,7.34542
43.13,7.34745
43.14,7.34956
43.15,7.35177
43.16,7.35406
43.17,7.35645
43.18,7.35893
43.19,7.36152
43.2,7.36422
43.21,7.36702
43.22,7.36994
43.23,7.37298
43.24,7.37614
43.25,7.37942
43.26,7.38283
43.27,7.38638
43.28,7.39006
43.29,7.39388
43.3,7.39785
43.31,7.40197
43.32,7.40624
43.33,7.41067
43.34,7.41526
43.35,7.42002
43.36,7.42495
43.37,7.43005
43.38,7.43534
43.39,7.44081
43.4,7.44647
43.41,7.45232
43.42,7.45836
43.43,7.46462
43.44,7.47107
43.45,7.47774
43.46,7.48462
43.47,7.49173
43.48,7.49905
43.49,7.50661
43.5,7.5144
43.51,7.52242
43.52,7.53069
43.53,7.5392
43.54,7.54796
43.55,7.55697
43.56,7.56625
43.57,7.57578
43.58,7.58557
43.59,7.59564
43.6,7.60597
43.61,7.61658
43.62,7.62747
43.63,7.63863
43.64,7.65008
43.65,7.66182
43.66,7.67384
43.67,7.68616
43.68,7.69877
43.69,7.71167
43.7,7.72487
43.71,7.73837
43.72,7.75216
43.73,7.76626
43.74,7.78066
43.75,7.79535
43.76,7.81036
43.77,7.82566
43.78,7.84126
43.79,7.85717
43.8,7.87338
43.81,7.88989
43.82,7.90669
43.83,7.9238
43.84,7.9412
43.85,7.95889
43.86,7.97688
43.87,7.99515
43.88,8.01371
43.89,8.03256
43.9,8.05169
43.91,8.07109
43.92,8.09076
43.93,8.11071
43.94,8.13092
43.95,8.15139
43.96,8.17211
43.97,8.19309
43.98,8.21431
43.99,8.23576
44,8.25746
44.01,8.27938
44.02,8.30152
44.03,8.32388
44.04,8.34644
44.05,8.36921
44.06,8.39217
44.07,8.41532
44.08,8.43865
44.09,8.46216
44.1,8.48583
44.11,8.50965
44.12,8.53363
44.13,8.55775
44.14,8.582
44.15,8.60638
44.16,8.63088
44.17,8.65549
44.18,8.6802
44.19,8.705
44.2,8.72988
44.21,8.75484
44.22,8.77987
44.23,8.80496
44.24,8.83011
44.25,8.85529
44.26,8.88051
44.27,8.90575
44.28,8.93102
44.29,8.95629
44.3,8.98157
44.31,9.00684
44.32,9.0321
44.33,9.05734
44.34,9.08255
44.35,9.10772
44.36,9.13286
44.37,9.15794
44.38,9.18297
44.39,9.20793
44.4,9.23283
44.41,9.25765
44.42,9.28239
44.43,9.30704
44.44,9.33161
44.45,9.35607
44.46,9.38043
44.47,9.40468
44.48,9.42882
44.49,9.45284
44.5,9.47674
44.51,9.50052
44.52,9.52417
44.53,9.54768
44.54,9.57106
44.55,9.59431
44.56,9.61741
44.57,9.64037
44.58,9.66318
44.59,9.68585
44.6,9.70836
44.61,9.73073
44.62,9.75294
44.63,9.77501
44.64,9.79692
44.65,9.81867
44.66,9.84027
44.67,9.86171
44.68,9.883
44.69,9.90414
44.7,9.92512
44.71,9.94595
44.72,9.96662
44.73,9.98715
44.74,10.0075
44.75,10.0277
44.76,10.0478
44.77,10.0677
44.78,10.0875
44.79,10.1071
44.8,10.1266
44.81,10.146
44.82,10.1652
44.83,10.1843
44.84,10.2032
44.85,10.222
44.86,10.2407
44.87,10.2592
44.88,10.2776
44.89,10.2959
44.9,10.314
44.91,10.332
44.92,10.3499
44.93,10.3677
44.94,10.3854
44.95,10.4029
44.96,10.4203
44.97,10.4377
44.98,10.4548
44.99,10.4719
45,10.4889
45.01,10.5057
45.02,10.5225
45.03,10.5391
45.04,10.5556
45.05,10.572
45.06,10.5883
45.07,10.6045
45.08,10.6205
45.09,10.6365
45.1,10.6523
45.11,10.668
45.12,10.6836
45.13,10.6991
45.14,10.7145
45.15,10.7297
45.16,10.7448
45.17,10.7598
45.18,10.7746
45.19,10.7894
45.2,10.804
45.21,10.8184
45.22,10.8327
45.23,10.8469
45.24,10.8609
45.25,10.8748
45.26,10.8885
45.27,10.902
45.28,10.9154
45.29,10.9287
45.3,10.9417
45.31,10.9546
45.32,10.9673
45.33,10.9798
45.34,10.9921
45.35,11.0042
45.36,11.0161
45.37,11.0279
45.38,11.0394
45.39,11.0507
45.4,11.0617
45.41,11.0726
45.42,11.0832
45.43,11.0935
45.44,11.1037
45.45,11.1135
45.46,11.1232
45.47,11.1325
45.48,11.1416
45.49,11.1505
45.5,11.159
45.51,11.1673
45.52,11.1753
45.53,11.183
45.54,11.1904
45.55,11.1975
45.56,11.2043
45.57,11.2108
45.58,11.217
45.59,11.2229
45.6,11.2284
45.61,11.2336
45.62,11.2385
45.63,11.2431
45.64,11.2473
45.65,11.2512
45.66,11.2547
45.67,11.2579
45.68,11.2607
45.69,11.2632
45.7,11.2654
45.71,11.2671
45.72,11.2686
45.73,11.2696
45.74,11.2703
45.75,11.2706
45.76,11.2706
45.77,11.2702
45.78,11.2694
45.79,11.2683
45.8,11.2668
45.81,11.2649
45.82,11.2626
45.83,11.26
45.84,11.257
45.85,11.2537
45.86,11.2499
45.87,11.2459
45.88,11.2414
45.89,11.2366
45.9,11.2314
45.91,11.2258
45.92,11.2199
45.93,11.2137
45.94,11.2071
45.95,11.2001
45.96,11.1927
45.97,11.1851
45.98,11.177
45.99,11.1687
46,11.16
46.01,11.1509
46.02,11.1415
46.03,11.1318
46.04,11.1217
46.05,11.1114
46.06,11.1006
46.07,11.0896
46.08,11.0783
46.09,11.0666
46.1,11.0546
46.11,11.0424
46.12,11.0298
46.13,11.0169
46.14,11.0037
46.15,10.9902
46.16,10.9764
46.17,10.9624
46.18,10.948
46.19,10.9334
46.2,10.9185
46.21,10.9033
46.22,10.8879
46.23,10.8722
46.24,10.8562
46.25,10.8399
46.26,10.8234
46.27,10.8067
46.28,10.7896
46.29,10.7724
46.3,10.7548
46.31,10.7371
46.32,10.7191
46.33,10.7008
46.34,10.6823
46.35,10.6636
46.36,10.6447
46.37,10.6255
46.38,10.6061
46.39,10.5864
46.4,10.5665
46.41,10.5465
46.42,10.5261
46.43,10.5056
46.44,10.4848
46.45,10.4639
46.46,10.4427
46.47,10.4213
46.48,10.3997
46.49,10.3778
46.5,10.3558
46.51,10.3335
46.52,10.3111
46.53,10.2884
46.54,10.2655
46.55,10.2424
46.56,10.2191
46.57,10.1957
46.58,10.172
46.59,10.1481
46.6,10.124
46.61,10.0996
46.62,10.0751
46.63,10.0504
46.64,10.0255
46.65,10.0004
46.66,9.97511
46.67,9.9496
46.68,9.9239
46.69,9.898
46.7,9.87191
46.71,9.84562
46.72,9.81913
46.73,9.79245
46.74,9.76558
46.75,9.73851
46.76,9.71126
46.77,9.68381
46.78,9.65617
46.79,9.62835
46.8,9.60033
46.81,9.57213
46.82,9.54375
46.83,9.51518
46.84,9.48642
46.85,9.45749
46.86,9.42838
46.87,9.39909
46.88,9.36962
46.89,9.33998
46.9,9.31017
46.91,9.28018
46.92,9.25003
46.93,9.21971
46.94,9.18923
46.95,9.15858
46.96,9.12778
46.97,9.09682
46.98,9.0657
46.99,9.03444
47,9.00302
47.01,8.97146
47.02,8.93976
47.03,8.90792
47.04,8.87594
47.05,8.84383
47.06,8.81159
47.07,8.77922
47.08,8.74674
47.09,8.71413
47.1,8.68141
47.11,8.64858
47.12,8.61564
47.13,8.58261
47.14,8.54947
47.15,8.51624
47.16,8.48292
47.17,8.44951
47.18,8.41603
47.19,8.38247
47.2,8.34884
47.21,8.31514
47.22,8.28138
47.23,8.24757
47.24,8.2137
47.25,8.17978
47.26,8.14583
47.27,8.11184
47.28,8.07781
47.29,8.04376
47.3,8.00969
47.31,7.97561
47.32,7.94151
47.33,7.90741
47.34,7.87331
47.35,7.83921
47.36,7.80513
47.37,7.77106
47.38,7.73702
47.39,7.703
47.4,7.66901
47.41,7.63506
47.42,7.60115
47.43,7.5673
47.44,7.53349
47.45,7.49975
47.46,7.46606
47.47,7.43245
47.48,7.39892
47.49,7.36546
47.5,7.33208
47.51,7.2988
47.52,7.26561
47.53,7.23252
47.54,7.19953
47.55,7.16665
47.56,7.13389
47.57,7.10124
47.58,7.06871
47.59,7.03631
47.6,7.00405
47.61,6.97191
47.62,6.93992
47.63,6.90806
47.64,6.87635
47.65,6.8448
47.66,6.81339
47.67,6.78214
47.68,6.75105
47.69,6.72013
47.7,6.68937
47.71,6.65878
47.72,6.62835
47.73,6.59811
47.74,6.56803
47.75,6.53814
47.76,6.50842
47.77,6.47889
47.78,6.44954
47.79,6.42037
47.8,6.39139
47.81,6.36259
47.82,6.33398
47.83,6.30556
47.84,6.27733
47.85,6.24929
47.86,6.22143
47.87,6.19376
47.88,6.16628
47.89,6.13899
47.9,6.11188
47.91,6.08496
47.92,6.05823
47.93,6.03167
47.94,6.0053
47.95,5.97911
47.96,5.9531
47.97,5.92726
47.98,5.90159
47.99,5.8761
48,5.85077
48.01,5.82561
48.02,5.80061
48.03,5.77577
48.04,5.75108
48.05,5.72654
48.06,5.70216
48.07,5.67791
48.08,5.65381
48.09,5.62984
48.1,5.606
48.11,5.58229
48.12,5.55869
48.13,5.53522
48.14,5.51185
48.15,5.4886
48.16,5.46544
48.17,5.44237
48.18,5.4194
48.19,5.39651
48.2,5.3737
48.21,5.35096
48.22,5.32829
48.23,5.30568
48.24,5.28312
48.25,5.26061
48.26,5.23815
48.27,5.21572
48.28,5.19332
48.29,5.17094
48.3,5.14858
48.31,5.12624
48.32,5.1039
48.33,5.08155
48.34,5.0592
48.35,5.03684
48.36,5.01446
48.37,4.99205
48.38,4.96961
48.39,4.94713
48.4,4.92461
48.41,4.90204
48.42,4.87941
48.43,4.85673
48.44,4.83398
48.45,4.81115
48.46,4.78825
48.47,4.76527
48.48,4.7422
48.49,4.71904
48.5,4.69578
48.51,4.67242
48.52,4.64896
48.53,4.62539
48.54,4.6017
48.55,4.57789
48.56,4.55397
48.57,4.52992
48.58,4.50574
48.59,4.48142
48.6,4.45698
48.61,4.4324
48.62,4.40767
48.63,4.38281
48.64,4.3578
48.65,4.33264
48.66,4.30734
48.67,4.28189
48.68,4.25629
48.69,4.23053
48.7,4.20462
48.71,4.17856
48.72,4.15235
48.73,4.12598
48.74,4.09945
48.75,4.07277
48.76,4.04594
48.77,4.01896
48.78,3.99182
48.79,3.96453
48.8,3.93709
48.81,3.9095
48.82,3.88176
48.83,3.85388
48.84,3.82585
48.85,3.79768
48.86,3.76936
48.87,3.74091
48.88,3.71232
48.89,3.6836
48.9,3.65475
48.91,3.62577
48.92,3.59666
48.93,3.56743
48.94,3.53809
48.95,3.50862
48.96,3.47904
48.97,3.44935
48.98,3.41956
48.99,3.38966
49,3.35966
49.01,3.32957
49.02,3.29938
49.03,3.2691
49.04,3.23874
49.05,3.2083
49.06,3.17777
49.07,3.14718
49.08,3.11651
49.09,3.08578
49.1,3.05498
49.11,3.02412
49.12,2.99321
49.13,2.96225
49.14,2.93123
49.15,2.90017
49.16,2.86907
49.17,2.83793
49.18,2.80676
49.19,2.77555
49.2,2.74431
49.21,2.71306
49.22,2.68177
49.23,2.65047
49.24,2.61916
49.25,2.58783
49.26,2.55649
49.27,2.52515
49.28,2.4938
49.29,2.46246
49.3,2.43111
49.31,2.39977
49.32,2.36843
49.33,2.3371
49.34,2.30579
49.35,2.27449
49.36,2.24321
49.37,2.21194
49.38,2.1807
49.39,2.14948
49.4,2.11829
49.41,2.08712
49.42,2.05599
49.43,2.02488
49.44,1.99381
49.45,1.96278
49.46,1.93178
49.47,1.90083
49.48,1.86991
49.49,1.83904
49.5,1.80822
49.51,1.77744
49.52,1.74672
49.53,1.71604
49.54,1.68542
49.55,1.65485
49.56,1.62435
49.57,1.5939
49.58,1.56351
49.59,1.53319
49.6,1.50293
49.61,1.47275
49.62,1.44263
49.63,1.41259
49.64,1.38262
49.65,1.35274
49.66,1.32293
49.67,1.29321
49.68,1.26357
49.69,1.23402
49.7,1.20456
49.71,1.1752
49.72,1.14594
49.73,1.11678
49.74,1.08772
49.75,1.05877
49.76,1.02993
49.77,1.0012
49.78,0.972592
49.79,0.944105
49.8,0.915743
49.81,0.88751
49.82,0.85941
49.83,0.831446
49.84,0.803623
49.85,0.775944
49.86,0.748414
49.87,0.721037
49.88,0.693817
49.89,0.666757
49.9,0.639864
49.91,0.61314
49.92,0.58659
49.93,0.560219
49.94,0.53403
49.95,0.508029
49.96,0.48222
49.97,0.456606
49.98,0.431194
49.99,0.405986
50,0.380987
